NR-AR,NR-AR-LBD,NR-AhR,NR-Aromatase,NR-ER,NR-ER-LBD,NR-PPAR-gamma,SR-ARE,SR-ATAD5,SR-HSE,SR-MMP,SR-p53,mol_id,smiles,ROMol
0.0,0.0,0.0,0.0,0.0,0.0,0.0,0.0,0.0,0.0,0.0,0.0,TOX21847,CCCCOC(=O)CCCCCCCCC(=O)OCCCC,<rdkit.Chem.rdchem.Mol object at 0x71c2951807b0>
0.0,0.0,0.0,0.0,0.0,0.0,0.0,0.0,0.0,0.0,0.0,0.0,TOX29289,CCCCCCCCCCCCn1cc[n+](C)c1,<rdkit.Chem.rdchem.Mol object at 0x71c2951db370>
0.0,0.0,0.0,0.0,,0.0,0.0,,0.0,0.0,0.0,0.0,TOX1684,CCCCCCCCCCCCC(=O)O,<rdkit.Chem.rdchem.Mol object at 0x71c2951e9930>
0.0,0.0,0.0,0.0,0.0,0.0,0.0,0.0,0.0,0.0,0.0,0.0,TOX1956,CCCCCCCCOC(=O)c1ccccc1C(=O)OCCCCCCCC,<rdkit.Chem.rdchem.Mol object at 0x71c2951c9690>
0.0,0.0,0.0,0.0,0.0,0.0,0.0,0.0,0.0,0.0,0.0,0.0,TOX2010,CCCCCCCC/C=C\CCCCCCCCO,<rdkit.Chem.rdchem.Mol object at 0x71c295191a10>
0.0,0.0,0.0,,0.0,0.0,0.0,0.0,0.0,0.0,0.0,0.0,TOX24870,C=C(C)C(=O)OCCCCOC(=O)C(=C)C,<rdkit.Chem.rdchem.Mol object at 0x71c29512d3f0>
0.0,0.0,0.0,0.0,0.0,0.0,0.0,0.0,0.0,0.0,0.0,0.0,TOX1519,CCCCOCCOCCO,<rdkit.Chem.rdchem.Mol object at 0x71c2951f0a50>
0.0,1.0,0.0,,0.0,0.0,1.0,1.0,1.0,,0.0,,TOX24779,C=CC(=O)OCCCCOC(=O)C=C,<rdkit.Chem.rdchem.Mol object at 0x71c29516d620>
0.0,0.0,0.0,0.0,0.0,0.0,0.0,0.0,0.0,0.0,0.0,0.0,TOX7268,CCCCCCCCCCCCCCC,<rdkit.Chem.rdchem.Mol object at 0x71c2951f7ca0>
0.0,0.0,0.0,0.0,0.0,0.0,0.0,,0.0,0.0,0.0,0.0,TOX24807,COC(=O)CCCCCCCC(=O)OC,<rdkit.Chem.rdchem.Mol object at 0x71c295169150>
0.0,,0.0,,,,,,,,,,TOX6902,CCCCCCCCCCCCCCCCCC[N+](C)(C)C,<rdkit.Chem.rdchem.Mol object at 0x71c2951d3370>
0.0,0.0,0.0,0.0,0.0,0.0,0.0,0.0,0.0,0.0,0.0,0.0,TOX11460,CCCC[N+]1(C)CCCC1,<rdkit.Chem.rdchem.Mol object at 0x71c295181b60>
1.0,1.0,1.0,,0.0,0.0,0.0,0.0,0.0,0.0,0.0,0.0,TOX2667,C[C@H]1C[C@H]2[C@@H]3CCC4=CC(=O)C=C[C@]4(C)[C@@]3(F)[C@@H](O)C[C@]2(C)[C@@]1(O)C(=O)CO,<rdkit.Chem.rdchem.Mol object at 0x71c2951771b0>
0.0,0.0,0.0,0.0,0.0,0.0,0.0,0.0,0.0,0.0,0.0,0.0,TOX1982,CCCCOC(C)=O,<rdkit.Chem.rdchem.Mol object at 0x71c29514d000>
0.0,0.0,0.0,0.0,0.0,0.0,0.0,0.0,0.0,0.0,0.0,0.0,TOX29307,CCCCCCCCCBr,<rdkit.Chem.rdchem.Mol object at 0x71c2951eeff0>
0.0,0.0,0.0,0.0,0.0,0.0,0.0,0.0,0.0,0.0,0.0,0.0,TOX29325,CCCC[n+]1ccccc1,<rdkit.Chem.rdchem.Mol object at 0x71c2951e61f0>
0.0,0.0,0.0,,1.0,1.0,0.0,1.0,1.0,0.0,1.0,0.0,TOX209,CCCCOC(=O)c1ccc(O)cc1,<rdkit.Chem.rdchem.Mol object at 0x71c29516cf90>
0.0,0.0,0.0,0.0,0.0,0.0,1.0,0.0,0.0,0.0,0.0,0.0,TOX6922,OCCOCCOCCOCCO,<rdkit.Chem.rdchem.Mol object at 0x71c2951caf10>
0.0,0.0,0.0,0.0,0.0,0.0,0.0,,0.0,,0.0,0.0,TOX8726,CCCCCCCCCCCCCCOS(=O)(=O)[O-],<rdkit.Chem.rdchem.Mol object at 0x71c2951f6c00>
0.0,0.0,0.0,0.0,1.0,0.0,0.0,0.0,0.0,0.0,0.0,0.0,TOX1688,CCCCCCCCCCC=O,<rdkit.Chem.rdchem.Mol object at 0x71c2951e9850>
0.0,0.0,0.0,0.0,0.0,0.0,0.0,0.0,0.0,0.0,0.0,0.0,TOX20608,C[N+]1(C)[C@H]2C[C@H](OC(=O)[C@H](CO)c3ccccc3)C[C@@H]1[C@H]1O[C@@H]21,<rdkit.Chem.rdchem.Mol object at 0x71c2951cf300>
1.0,1.0,0.0,,1.0,0.0,0.0,0.0,0.0,0.0,0.0,0.0,TOX714,C[C@]12C[C@H](O)[C@H]3[C@@H](CCC4=CC(=O)CC[C@@]43C)[C@@H]1CC[C@]2(O)C(=O)CO,<rdkit.Chem.rdchem.Mol object at 0x71c29519d770>
0.0,0.0,0.0,,0.0,0.0,0.0,0.0,0.0,1.0,0.0,0.0,TOX2159,C=CCCCCCCC=C,<rdkit.Chem.rdchem.Mol object at 0x71c295158270>
0.0,0.0,0.0,0.0,0.0,0.0,0.0,0.0,0.0,0.0,0.0,0.0,TOX29300,CCn1cc[n+](C)c1,<rdkit.Chem.rdchem.Mol object at 0x71c2951ef140>
0.0,0.0,0.0,0.0,0.0,0.0,,0.0,0.0,0.0,0.0,0.0,TOX27551,CCCCC1CCCCC(=O)O1,<rdkit.Chem.rdchem.Mol object at 0x71c2951ef370>
,0.0,,0.0,0.0,0.0,0.0,,0.0,,0.0,0.0,TOX3661,Cc1cn([C@H]2C[C@H](O)[C@@H](CO)O2)c(=O)[nH]c1=O,<rdkit.Chem.rdchem.Mol object at 0x71c2951d2340>
0.0,0.0,0.0,0.0,0.0,0.0,0.0,0.0,0.0,0.0,0.0,0.0,TOX498,COC(=O)c1ccc(C(=O)OC)cc1,<rdkit.Chem.rdchem.Mol object at 0x71c2951d17e0>
0.0,0.0,0.0,0.0,0.0,0.0,0.0,0.0,0.0,0.0,,0.0,TOX606,CCCCC(CC)COC(=O)CCCCC(=O)OCC(CC)CCCC,<rdkit.Chem.rdchem.Mol object at 0x71c2951cd700>
0.0,0.0,,0.0,0.0,0.0,0.0,0.0,0.0,0.0,,0.0,TOX21654,CCCCC(CC)COC(=O)c1ccccc1,<rdkit.Chem.rdchem.Mol object at 0x71c2951725e0>
0.0,0.0,0.0,,0.0,0.0,0.0,0.0,0.0,0.0,,0.0,TOX24568,O=C1CCCCCCCCCCC(=O)OCCO1,<rdkit.Chem.rdchem.Mol object at 0x71c2951f12a0>
0.0,0.0,0.0,0.0,0.0,0.0,0.0,0.0,0.0,0.0,,0.0,TOX681,CCCCCCCN,<rdkit.Chem.rdchem.Mol object at 0x71c2951ec580>
0.0,0.0,0.0,0.0,1.0,0.0,0.0,0.0,0.0,0.0,0.0,0.0,TOX29322,CCCC[n+]1cccc(C)c1.O=S(=O)([O-])C(F)(F)F,<rdkit.Chem.rdchem.Mol object at 0x71c2951e6340>
0.0,0.0,0.0,0.0,1.0,0.0,0.0,0.0,0.0,1.0,0.0,0.0,TOX5492,CCCCCCCCCCCCCl,<rdkit.Chem.rdchem.Mol object at 0x71c2951e2b90>
0.0,0.0,0.0,0.0,0.0,0.0,0.0,0.0,0.0,0.0,0.0,0.0,TOX21349,COC(=O)COc1ccc(Cl)cc1Cl,<rdkit.Chem.rdchem.Mol object at 0x71c2951e21f0>
0.0,0.0,0.0,0.0,0.0,1.0,0.0,1.0,0.0,1.0,0.0,0.0,TOX1240,CC(=O)OC/C=C(C)/C=C/C=C(C)/C=C/C1=C(C)CCCC1(C)C,<rdkit.Chem.rdchem.Mol object at 0x71c2951a8900>
0.0,0.0,1.0,1.0,0.0,0.0,0.0,,0.0,,0.0,,TOX3319,Clc1ccc(COC(Cn2ccnc2)c2ccc(Cl)cc2Cl)c(Cl)c1,<rdkit.Chem.rdchem.Mol object at 0x71c295136d50>
0.0,0.0,0.0,0.0,0.0,0.0,0.0,0.0,0.0,0.0,0.0,0.0,TOX18926,O=C(OCc1ccccc1)C(=O)OCc1ccccc1,<rdkit.Chem.rdchem.Mol object at 0x71c2951266c0>
1.0,1.0,0.0,,1.0,0.0,0.0,,0.0,0.0,0.0,0.0,TOX25254,C[C@]12CC[C@H]3[C@@H](CCC4=CC(=O)CC[C@@]43C)[C@@H]1CC[C@@H]2C(=O)CO,<rdkit.Chem.rdchem.Mol object at 0x71c29511f610>
0.0,0.0,0.0,0.0,0.0,0.0,0.0,0.0,0.0,0.0,0.0,0.0,TOX24878,CCCOC(=O)c1ccccc1,<rdkit.Chem.rdchem.Mol object at 0x71c29512d2a0>
0.0,0.0,0.0,0.0,0.0,0.0,0.0,0.0,0.0,0.0,0.0,0.0,TOX3588,OC[C@H](O)[C@@H](O)[C@H](O)[C@H](O)CO,<rdkit.Chem.rdchem.Mol object at 0x71c2951f5620>
0.0,0.0,0.0,0.0,0.0,0.0,0.0,0.0,0.0,0.0,0.0,0.0,TOX2982,CCOC(=O)[C@H](CCc1ccccc1)N[C@@H](C)C(=O)N1CCC[C@H]1C(=O)O,<rdkit.Chem.rdchem.Mol object at 0x71c2951f4430>
0.0,0.0,0.0,0.0,1.0,,0.0,,0.0,,0.0,0.0,TOX2991,CC[C@H]1OC(=O)[C@H](C)[C@@H](O[C@H]2C[C@@](C)(OC)[C@@H](O)[C@H](C)O2)[C@H](C)[C@@H](O[C@@H]2O[C@H](C)C[C@H](N(C)C)[C@H]2O)[C@](C)(O)C[C@@H](C)C(=O)[C@H](C)[C@@H](O)[C@]1(C)O,<rdkit.Chem.rdchem.Mol object at 0x71c2951f0d60>
0.0,0.0,0.0,0.0,0.0,0.0,0.0,0.0,0.0,0.0,0.0,0.0,TOX13701,CN(C)CCCCCCN(C)C,<rdkit.Chem.rdchem.Mol object at 0x71c2951e9bd0>
,,,,,,,,,0.0,,,TOX1321,CN(C)[C@@H]1C(O)=C(C(N)=O)C(=O)[C@@]2(O)C(O)=C3C(=O)c4c(O)cccc4[C@@](C)(O)[C@H]3C[C@@H]12,<rdkit.Chem.rdchem.Mol object at 0x71c2951e38b0>
0.0,0.0,0.0,0.0,0.0,0.0,0.0,0.0,0.0,0.0,0.0,0.0,TOX2455,COC(=O)c1ccccc1C(=O)OC,<rdkit.Chem.rdchem.Mol object at 0x71c2951d5bd0>
0.0,0.0,0.0,0.0,0.0,0.0,0.0,0.0,0.0,0.0,0.0,0.0,TOX3998,CC1(C)C(C=C(Cl)Cl)C1C(=O)OC(C#N)c1cccc(Oc2ccccc2)c1,<rdkit.Chem.rdchem.Mol object at 0x71c2951d1a80>
0.0,0.0,0.0,0.0,0.0,0.0,0.0,,0.0,,0.0,0.0,TOX26991,CO/N=C(/C(=O)N[C@@H]1C(=O)N2C(C(=O)[O-])=C(COC(C)=O)CS[C@H]12)c1csc(N)n1,<rdkit.Chem.rdchem.Mol object at 0x71c2951c69d0>
0.0,0.0,0.0,0.0,,,0.0,,0.0,0.0,0.0,0.0,TOX28810,COc1cc(C[C@@H](C)N)c(OC)cc1C,<rdkit.Chem.rdchem.Mol object at 0x71c2951c4ac0>
0.0,0.0,0.0,0.0,0.0,0.0,0.0,0.0,0.0,0.0,0.0,0.0,TOX654,CC(=O)OC/C=C(\C)CCC=C(C)C,<rdkit.Chem.rdchem.Mol object at 0x71c2951b8740>
0.0,0.0,0.0,,0.0,0.0,0.0,,0.0,0.0,0.0,0.0,TOX15156,CCC(=O)OCCc1ccccc1,<rdkit.Chem.rdchem.Mol object at 0x71c2951b6490>
0.0,0.0,0.0,0.0,0.0,0.0,0.0,,0.0,,0.0,0.0,TOX28501,NCCCC[C@H](NC(=O)[C@@H]1CCCN1C(=O)[C@@H]1CSSC[C@H](N)C(=O)N[C@@H](Cc2ccc(O)cc2)C(=O)N[C@@H](Cc2ccccc2)C(=O)N[C@@H](CCC(N)=O)C(=O)N[C@@H](CC(N)=O)C(=O)N1)C(=O)NCC(N)=O,<rdkit.Chem.rdchem.Mol object at 0x71c2951b5460>
,,0.0,,,0.0,,,,0.0,1.0,,TOX2897,C[C@H]1O[C@@H](O[C@H]2[C@@H](O)C[C@H](O[C@H]3CC[C@]4(C)[C@H]5C[C@@H](O)[C@]6(C)[C@@H](C7=CC(=O)OC7)CC[C@]6(O)[C@@H]5CC[C@@H]4C3)O[C@@H]2C)C[C@H](O)[C@@H]1O[C@H]1C[C@H](O)[C@H](O[C@@H]2O[C@H](CO)[C@@H](O)[C@H](O)[C@H]2O)[C@@H](C)O1,<rdkit.Chem.rdchem.Mol object at 0x71c2951af4c0>
0.0,0.0,1.0,,0.0,0.0,0.0,1.0,0.0,0.0,1.0,0.0,TOX4066,O=[N+]([O-])c1ccccc1[N+](=O)[O-],<rdkit.Chem.rdchem.Mol object at 0x71c2951a3760>
0.0,0.0,0.0,0.0,,0.0,0.0,1.0,0.0,0.0,0.0,0.0,TOX4065,O=[N+]([O-])c1cccc([N+](=O)[O-])c1,<rdkit.Chem.rdchem.Mol object at 0x71c2951a36f0>
0.0,0.0,,,0.0,0.0,0.0,,0.0,,0.0,0.0,TOX3554,COC(=O)[C@H]1[C@H]2C[C@@H]3c4[nH]c5cc(OC)ccc5c4CCN3C[C@H]2C[C@@H](OC(=O)C=Cc2cc(OC)c(OC)c(OC)c2)[C@@H]1OC,<rdkit.Chem.rdchem.Mol object at 0x71c29518dee0>
0.0,0.0,0.0,0.0,0.0,0.0,0.0,0.0,0.0,0.0,0.0,0.0,TOX1484,O=C(O)c1ccccc1C(=O)O,<rdkit.Chem.rdchem.Mol object at 0x71c29516f4c0>
0.0,0.0,1.0,,1.0,0.0,0.0,0.0,1.0,0.0,,0.0,TOX7888,c1ccc(-c2ccc(-c3ccccc3)cc2)cc1,<rdkit.Chem.rdchem.Mol object at 0x71c29516dc40>
0.0,1.0,0.0,1.0,0.0,1.0,0.0,1.0,1.0,0.0,1.0,1.0,TOX10636,COc1cccc2c1C(=O)c1c(O)c3c(c(O)c1C2=O)C[C@@](O)(C(=O)CO)C[C@@H]3O[C@H]1C[C@H](N)[C@H](O)[C@H](C)O1,<rdkit.Chem.rdchem.Mol object at 0x71c295155af0>
0.0,0.0,0.0,0.0,0.0,0.0,0.0,0.0,0.0,0.0,0.0,0.0,TOX27524,NC[C@H]1O[C@H](O[C@@H]2[C@@H](N)C[C@@H](N)[C@H](O[C@H]3O[C@H](CO)[C@@H](O)[C@H](N)[C@H]3O)[C@H]2O)[C@H](O)[C@@H](O)[C@@H]1O,<rdkit.Chem.rdchem.Mol object at 0x71c295140c80>
0.0,0.0,0.0,0.0,0.0,0.0,0.0,0.0,0.0,0.0,0.0,0.0,TOX1980,CCCCCC(=O)OCC,<rdkit.Chem.rdchem.Mol object at 0x71c29514cf90>
1.0,1.0,1.0,,0.0,0.0,0.0,,0.0,0.0,1.0,0.0,TOX25907,CCC(=O)O[C@]1(C(=O)CCl)[C@@H](C)C[C@H]2[C@@H]3CCC4=CC(=O)C=C[C@]4(C)[C@@]3(F)[C@@H](O)C[C@@]21C,<rdkit.Chem.rdchem.Mol object at 0x71c2951d9e00>
0.0,0.0,0.0,0.0,0.0,0.0,0.0,0.0,0.0,0.0,0.0,0.0,TOX1780,CCOC(=O)c1ccccc1C(=O)OCC,<rdkit.Chem.rdchem.Mol object at 0x71c295139a80>
0.0,0.0,0.0,0.0,0.0,0.0,0.0,0.0,0.0,0.0,0.0,0.0,TOX2188,CCCCCCCCCCCC#N,<rdkit.Chem.rdchem.Mol object at 0x71c2951f4b30>
0.0,0.0,0.0,,0.0,0.0,0.0,1.0,0.0,0.0,0.0,0.0,TOX11865,O=C(O)C(F)(F)C(F)(F)C(F)(F)C(F)(F)C(F)(F)C(F)(F)C(F)(F)F,<rdkit.Chem.rdchem.Mol object at 0x71c2951f23b0>
0.0,0.0,0.0,,1.0,0.0,0.0,,0.0,,1.0,0.0,TOX2312,CCCCCCCCc1ccc(O)cc1,<rdkit.Chem.rdchem.Mol object at 0x71c2951e1850>
0.0,0.0,0.0,0.0,0.0,0.0,0.0,0.0,0.0,0.0,,0.0,TOX29285,CCC[N+]1(C)CCCCC1.O=S(=O)([N-]S(=O)(=O)C(F)(F)F)C(F)(F)F,<rdkit.Chem.rdchem.Mol object at 0x71c2951db450>
0.0,0.0,0.0,0.0,0.0,0.0,0.0,0.0,0.0,0.0,0.0,0.0,TOX25459,CC(C)(C)C(=O)OCOC(=O)[C@@H]1N2C(=O)[C@@H](NC(=O)[C@H](N)c3ccccc3)[C@H]2SC1(C)C,<rdkit.Chem.rdchem.Mol object at 0x71c2951d9b60>
0.0,0.0,0.0,0.0,0.0,0.0,,0.0,0.0,0.0,0.0,0.0,TOX28859,CCC(=O)N(c1ccccc1)C1CCN(Cc2ccccc2)CC1,<rdkit.Chem.rdchem.Mol object at 0x71c2951d4200>
,0.0,0.0,0.0,0.0,0.0,0.0,0.0,0.0,0.0,0.0,0.0,TOX26890,CC(=C(CCO)SSC(CCO)=C(C)N(C=O)Cc1cnc(C)nc1N)N(C=O)Cc1cnc(C)nc1N,<rdkit.Chem.rdchem.Mol object at 0x71c2951cfc30>
0.0,0.0,0.0,0.0,0.0,0.0,0.0,0.0,0.0,0.0,0.0,0.0,TOX28880,CC(C)CC(NC(=O)CNC(=O)[C@H](Cc1ccc(O)cc1)NC(=O)[C@@H](CO)NC(=O)[C@@H](Cc1c[nH]c2ccccc12)NC(=O)[C@@H](Cc1c[nH]cn1)NC(=O)[C@H]1CCC(=O)N1)C(=O)N[C@H](CCCNC(=N)N)C(=O)N1CCC[C@@H]1C(=O)NCC(N)=O,<rdkit.Chem.rdchem.Mol object at 0x71c2951ce500>
1.0,1.0,0.0,1.0,1.0,1.0,,1.0,0.0,0.0,,0.0,TOX27477,C#CC1(O)CC[C@H]2[C@@H]3CCC4=CC(=O)CC[C@@H]4[C@H]3CC[C@@]21CC,<rdkit.Chem.rdchem.Mol object at 0x71c2951ca880>
0.0,0.0,0.0,,0.0,0.0,0.0,0.0,0.0,0.0,0.0,0.0,TOX5732,NC(=O)c1cccc([N+](=O)[O-])c1,<rdkit.Chem.rdchem.Mol object at 0x71c2951c3bc0>
0.0,,,,,,,,,,1.0,,TOX27920,CCCCCCCCCCCCCC[P+](CCCCCC)(CCCCCC)CCCCCC,<rdkit.Chem.rdchem.Mol object at 0x71c2951c1150>
0.0,,0.0,,0.0,0.0,,0.0,,,,,TOX24865,CCCCCCCCCCCCCCN(CCO)CCO,<rdkit.Chem.rdchem.Mol object at 0x71c2951b7b50>
0.0,,0.0,0.0,,,0.0,0.0,0.0,0.0,,0.0,TOX3518,CC(CN1c2ccccc2Sc2ccccc21)N(C)C,<rdkit.Chem.rdchem.Mol object at 0x71c2951a13f0>
0.0,0.0,1.0,,,,,,0.0,,,0.0,TOX27829,CC(=O)c1ccc2c(c1)N(CCCN1CCN(CCO)CC1)c1ccccc1S2,<rdkit.Chem.rdchem.Mol object at 0x71c29519cf20>
1.0,1.0,0.0,0.0,1.0,1.0,0.0,,0.0,,,1.0,TOX28911,CCC(=O)O[C@H]1CC[C@H]2[C@@H]3CCc4cc(O)ccc4[C@H]3CC[C@]12C,<rdkit.Chem.rdchem.Mol object at 0x71c295198d60>
0.0,0.0,0.0,0.0,0.0,0.0,0.0,,0.0,,0.0,0.0,TOX6044,CC(C)=CCC/C(C)=C/CC/C(C)=C/CC/C=C(\C)CC/C=C(\C)CCC=C(C)C,<rdkit.Chem.rdchem.Mol object at 0x71c29518c970>
0.0,0.0,0.0,0.0,0.0,0.0,0.0,0.0,0.0,0.0,0.0,0.0,TOX6080,O=C(O)c1ccc(C(=O)O)cc1,<rdkit.Chem.rdchem.Mol object at 0x71c29517f220>
0.0,0.0,0.0,0.0,0.0,0.0,0.0,0.0,0.0,0.0,,0.0,TOX3864,COC(=O)c1ccccc1S(=O)(=O)NC(=O)Nc1nc(C)nc(OC)n1,<rdkit.Chem.rdchem.Mol object at 0x71c295167f40>
0.0,0.0,1.0,0.0,1.0,1.0,0.0,0.0,0.0,0.0,,0.0,TOX3549,C=C[C@H]1CN2CCC1C[C@@H]2[C@@H](O)c1ccnc2ccc(OC)cc12,<rdkit.Chem.rdchem.Mol object at 0x71c295122880>
0.0,0.0,,0.0,0.0,0.0,0.0,1.0,0.0,0.0,,0.0,TOX7240,Cc1ccc([N+](=O)[O-])c([N+](=O)[O-])c1,<rdkit.Chem.rdchem.Mol object at 0x71c29511dd20>
0.0,0.0,1.0,0.0,1.0,1.0,0.0,1.0,0.0,,1.0,0.0,TOX958,Nc1ccc([N+](=O)[O-])cc1N,<rdkit.Chem.rdchem.Mol object at 0x71c29510f370>
0.0,0.0,0.0,0.0,,0.0,0.0,0.0,0.0,0.0,0.0,0.0,TOX27074,CC(C)COC(=O)c1ccccc1,<rdkit.Chem.rdchem.Mol object at 0x71c29510e500>
1.0,0.0,0.0,0.0,0.0,0.0,0.0,0.0,0.0,0.0,0.0,0.0,TOX113,CN1[C@H]2CC[C@@H]1C[C@H](OC(=O)C(CO)c1ccccc1)C2,<rdkit.Chem.rdchem.Mol object at 0x71c2951bf680>
1.0,1.0,0.0,,1.0,,0.0,0.0,0.0,0.0,0.0,0.0,TOX3502,CC(=O)OCC(=O)[C@@]1(O)CC[C@H]2[C@@H]3CCC4=CC(=O)C=C[C@]4(C)[C@H]3[C@@H](O)C[C@@]21C,<rdkit.Chem.rdchem.Mol object at 0x71c295132030>
0.0,0.0,0.0,0.0,0.0,0.0,0.0,,0.0,0.0,0.0,0.0,TOX29131,CCCC[n+]1ccc(C)cc1.F[B-](F)(F)F,<rdkit.Chem.rdchem.Mol object at 0x71c2951eac70>
0.0,0.0,0.0,0.0,,0.0,0.0,0.0,0.0,0.0,0.0,0.0,TOX7924,CC(C)CCCCCCCOC(=O)CCCCC(=O)OCCCCCCCC(C)C,<rdkit.Chem.rdchem.Mol object at 0x71c2951baf80>
1.0,0.0,0.0,,0.0,0.0,0.0,0.0,0.0,0.0,,0.0,TOX26949,CN(C)CCCN1c2ccccc2Sc2ccccc21,<rdkit.Chem.rdchem.Mol object at 0x71c295141700>
0.0,0.0,0.0,0.0,0.0,0.0,0.0,,0.0,0.0,0.0,0.0,TOX22007,CCCCCC[C@@H](O)C/C=C\CCCCCCCC(=O)OCC(O)CO,<rdkit.Chem.rdchem.Mol object at 0x71c29512c430>
,,,,,,,,,0.0,,,TOX568,CNC[C@H](O)c1ccc(O)c(O)c1,<rdkit.Chem.rdchem.Mol object at 0x71c2951f6f10>
0.0,0.0,,0.0,0.0,0.0,0.0,0.0,0.0,0.0,0.0,0.0,TOX1721,O=C1C[C@@H]2OCC=C3CN4CC[C@]56c7ccccc7N1[C@H]5[C@H]2[C@H]3C[C@H]46.O=C1C[C@@H]2OCC=C3CN4CC[C@]56c7ccccc7N1[C@H]5[C@H]2[C@H]3C[C@H]46,<rdkit.Chem.rdchem.Mol object at 0x71c2951f45f0>
0.0,0.0,1.0,0.0,1.0,1.0,0.0,0.0,0.0,1.0,1.0,1.0,TOX21306,O=C(c1ccc(O)cc1O)c1ccc(O)cc1O,<rdkit.Chem.rdchem.Mol object at 0x71c2951f1c40>
0.0,0.0,,0.0,0.0,0.0,0.0,0.0,0.0,0.0,0.0,0.0,TOX527,O=NN1CCN(N=O)CC1,<rdkit.Chem.rdchem.Mol object at 0x71c2951ea500>
0.0,,0.0,,,0.0,,,,,1.0,,TOX21665,CCCCCCCCCCCCCCCC[N+](C)(C)Cc1ccccc1,<rdkit.Chem.rdchem.Mol object at 0x71c2951e7a70>
0.0,0.0,0.0,0.0,1.0,0.0,0.0,0.0,0.0,0.0,0.0,0.0,TOX3853,O=C([O-])c1cc(Oc2ccc(C(F)(F)F)cc2Cl)ccc1[N+](=O)[O-],<rdkit.Chem.rdchem.Mol object at 0x71c2951d5000>
0.0,0.0,1.0,0.0,0.0,0.0,0.0,0.0,0.0,0.0,1.0,0.0,TOX1100,CCOP(=S)(OCC)Oc1ccc([N+](=O)[O-])cc1,<rdkit.Chem.rdchem.Mol object at 0x71c2951d4b30>
0.0,0.0,,0.0,0.0,0.0,,,0.0,,0.0,1.0,TOX28852,C[C@H]1[C@H]2Cc3ccc(O)cc3[C@]1(C)CCN2CCc1ccccc1,<rdkit.Chem.rdchem.Mol object at 0x71c2951d3d10>
0.0,0.0,0.0,0.0,0.0,0.0,0.0,0.0,0.0,0.0,0.0,0.0,TOX6711,CCc1ccc(CC)cc1,<rdkit.Chem.rdchem.Mol object at 0x71c2951cdc40>
0.0,0.0,0.0,0.0,0.0,0.0,0.0,0.0,0.0,0.0,0.0,0.0,TOX2558,Nc1ncnc2c1ncn2[C@@H]1O[C@H](CO)[C@@H](O)[C@H]1O,<rdkit.Chem.rdchem.Mol object at 0x71c2951c8a50>
0.0,0.0,0.0,0.0,0.0,0.0,0.0,,0.0,0.0,0.0,0.0,TOX27907,CCCCn1cc[n+](C)c1C,<rdkit.Chem.rdchem.Mol object at 0x71c2951c8190>
1.0,1.0,0.0,,1.0,1.0,0.0,,0.0,,0.0,0.0,TOX26198,CCCCCCCCCC(=O)O[C@H]1CC[C@H]2[C@@H]3CCC4=CC(=O)CC[C@]4(C)[C@H]3CC[C@]12C,<rdkit.Chem.rdchem.Mol object at 0x71c2951c67a0>
0.0,0.0,0.0,0.0,0.0,0.0,0.0,0.0,0.0,0.0,0.0,0.0,TOX5738,O=C(O)c1ccccc1[N+](=O)[O-],<rdkit.Chem.rdchem.Mol object at 0x71c2951c3ca0>
1.0,1.0,0.0,,,0.0,0.0,0.0,0.0,0.0,,0.0,TOX26425,NC(=O)NS(=O)(=O)c1ccc(N)cc1,<rdkit.Chem.rdchem.Mol object at 0x71c2951bfa00>
0.0,0.0,0.0,0.0,0.0,0.0,0.0,0.0,0.0,0.0,0.0,0.0,TOX9692,O=[N+]([O-])[O-].[K+],<rdkit.Chem.rdchem.Mol object at 0x71c2951b9000>
0.0,0.0,0.0,0.0,0.0,0.0,0.0,0.0,0.0,0.0,0.0,0.0,TOX27948,OC[C@H]1O[C@H](O[C@H]2O[C@H](CO)[C@@H](O)[C@H](O)[C@H]2O)[C@H](O)[C@@H](O)[C@@H]1O,<rdkit.Chem.rdchem.Mol object at 0x71c2951b8890>
0.0,0.0,0.0,0.0,0.0,0.0,0.0,0.0,0.0,0.0,0.0,0.0,TOX27415,C=CC(C)(O)CC/C=C(\C)CC,<rdkit.Chem.rdchem.Mol object at 0x71c2951b3bc0>
0.0,,1.0,0.0,0.0,,,1.0,1.0,0.0,1.0,1.0,TOX20682,COC(=O)Nc1nc2cc(C(=O)c3ccccc3)ccc2[nH]1,<rdkit.Chem.rdchem.Mol object at 0x71c2951afdf0>
0.0,0.0,0.0,0.0,1.0,0.0,0.0,0.0,0.0,0.0,0.0,0.0,TOX2912,CC(=O)Nc1c(I)c(NC(C)=O)c(I)c(C(=O)[O-])c1I,<rdkit.Chem.rdchem.Mol object at 0x71c2951a7840>
0.0,0.0,0.0,0.0,0.0,0.0,,1.0,0.0,0.0,1.0,0.0,TOX3892,CC[C@H](C)[C@H]1O[C@]2(C=C[C@@H]1C)C[C@@H]1C[C@@H](CC=C(C)[C@@H](O[C@H]3C[C@H](OC)[C@@H](O[C@H]4C[C@H](OC)[C@@H](O)[C@H](C)O4)[C@H](C)O3)[C@@H](C)C=CC=C3CO[C@@H]4[C@H](O)C(C)=C[C@@H](C(=O)O1)[C@]34O)O2,<rdkit.Chem.rdchem.Mol object at 0x71c2951a5ee0>
0.0,0.0,0.0,0.0,1.0,0.0,0.0,0.0,0.0,0.0,0.0,0.0,TOX106,O=C1O[C@H]([C@@H](O)CO)C(O)=C1O,<rdkit.Chem.rdchem.Mol object at 0x71c2951a1d90>
0.0,0.0,0.0,0.0,0.0,0.0,0.0,0.0,0.0,0.0,0.0,0.0,TOX4691,CCCCOCC1CO1,<rdkit.Chem.rdchem.Mol object at 0x71c2951a1070>
0.0,0.0,0.0,,0.0,0.0,,,0.0,,0.0,,TOX14214,C=C1/C(=C\C=C2/CCC[C@@]3(C)[C@H]2CC[C@@H]3[C@H](C)/C=C/[C@H](C)C(C)C)C[C@@H](O)C[C@@H]1O,<rdkit.Chem.rdchem.Mol object at 0x71c2951a09e0>
0.0,0.0,0.0,0.0,0.0,0.0,0.0,0.0,0.0,0.0,0.0,0.0,TOX2014,COc1ccc(OC)cc1,<rdkit.Chem.rdchem.Mol object at 0x71c2951919a0>
0.0,0.0,0.0,0.0,1.0,0.0,0.0,,0.0,0.0,0.0,0.0,TOX3736,CC(=O)O[C@H]1C[C@@H]2CC[C@@H]3[C@H](CC[C@@]4(C)[C@H]3C[C@H]([N+]3(C)CCCCC3)[C@@H]4OC(C)=O)[C@@]2(C)C[C@@H]1N1CCCCC1,<rdkit.Chem.rdchem.Mol object at 0x71c29518e340>
0.0,0.0,0.0,0.0,0.0,0.0,0.0,0.0,0.0,0.0,0.0,0.0,TOX3031,Cn1c(=O)c2c(ncn2CCO)n(C)c1=O,<rdkit.Chem.rdchem.Mol object at 0x71c29518a5e0>
0.0,0.0,0.0,0.0,,0.0,0.0,,0.0,,,0.0,TOX26653,CC(C)(CO)[C@@H](O)C(=O)NCCCC(=O)[O-].CC(C)(CO)[C@@H](O)C(=O)NCCCC(=O)[O-],<rdkit.Chem.rdchem.Mol object at 0x71c295169310>
0.0,0.0,0.0,0.0,0.0,0.0,0.0,0.0,0.0,0.0,0.0,0.0,TOX1356,CC(=O)Oc1c(C)c(C)c2c(c1C)CC[C@@](C)(CCC[C@H](C)CCC[C@H](C)CCCC(C)C)O2,<rdkit.Chem.rdchem.Mol object at 0x71c2951676f0>
0.0,0.0,0.0,,1.0,1.0,0.0,,0.0,0.0,1.0,0.0,TOX380,CC(=O)O[C@H]1CC[C@@]2(C)C(=CC[C@H]3[C@@H]4CCC(=O)[C@@]4(C)CC[C@@H]32)C1,<rdkit.Chem.rdchem.Mol object at 0x71c295159070>
0.0,0.0,0.0,0.0,,0.0,0.0,0.0,0.0,0.0,0.0,0.0,TOX1657,CC(=O)c1ccc(C(C)=O)cc1,<rdkit.Chem.rdchem.Mol object at 0x71c295149070>
0.0,0.0,0.0,0.0,0.0,0.0,0.0,0.0,0.0,0.0,0.0,0.0,TOX24818,CCCCCCC(CO)CCCC,<rdkit.Chem.rdchem.Mol object at 0x71c295146ea0>
0.0,0.0,0.0,0.0,0.0,0.0,0.0,0.0,0.0,0.0,0.0,0.0,TOX28929,COC(=O)CCc1ccc(OCC(O)CNC(C)C)cc1,<rdkit.Chem.rdchem.Mol object at 0x71c295129e00>
1.0,1.0,0.0,0.0,0.0,0.0,0.0,0.0,0.0,0.0,0.0,0.0,TOX5050,NCCNCCN,<rdkit.Chem.rdchem.Mol object at 0x71c2951260a0>
0.0,0.0,0.0,0.0,,,0.0,0.0,0.0,0.0,0.0,0.0,TOX5811,CCCCCCCC/C=C\CCCCCCCC(=O)OC,<rdkit.Chem.rdchem.Mol object at 0x71c2951b23b0>
0.0,0.0,,0.0,0.0,0.0,0.0,0.0,0.0,0.0,0.0,0.0,TOX24396,COCCOCCOCCOCCOC,<rdkit.Chem.rdchem.Mol object at 0x71c295164190>
0.0,0.0,,,,0.0,0.0,0.0,0.0,0.0,0.0,0.0,TOX1804,CCOC(=O)c1ccc(N)cc1,<rdkit.Chem.rdchem.Mol object at 0x71c2951db6f0>
0.0,0.0,0.0,0.0,0.0,0.0,0.0,0.0,0.0,0.0,0.0,0.0,TOX6905,CCOCCOCCOC(C)=O,<rdkit.Chem.rdchem.Mol object at 0x71c2951d33e0>
1.0,0.0,,,,0.0,0.0,,,,,0.0,TOX25905,CC(=O)OCC(=O)[C@@]12OC3(CCCC3)O[C@@H]1C[C@H]1[C@@H]3CCC4=CC(=O)C=C[C@]4(C)[C@@]3(F)[C@@H](O)C[C@@]12C,<rdkit.Chem.rdchem.Mol object at 0x71c295132f80>
0.0,0.0,1.0,,,0.0,0.0,1.0,1.0,0.0,1.0,0.0,TOX137,Nc1ccc(-c2ccc(N)cc2)cc1,<rdkit.Chem.rdchem.Mol object at 0x71c29512af80>
1.0,1.0,0.0,,1.0,1.0,0.0,0.0,0.0,0.0,1.0,1.0,TOX2377,C[C@]12CC[C@@H]3c4ccc(O)cc4CC[C@H]3[C@@H]1CC[C@H]2O,<rdkit.Chem.rdchem.Mol object at 0x71c2951f9700>
1.0,1.0,0.0,0.0,1.0,1.0,0.0,,0.0,0.0,0.0,0.0,TOX20747,CC(=O)[C@@]1(O)CC[C@H]2[C@@H]3CCC4=CC(=O)CC[C@]4(C)[C@H]3CC[C@@]21C,<rdkit.Chem.rdchem.Mol object at 0x71c2951abb50>
0.0,0.0,1.0,0.0,1.0,1.0,0.0,0.0,0.0,0.0,0.0,0.0,TOX2405,COc1ccc(C(=O)c2ccccc2)c(O)c1,<rdkit.Chem.rdchem.Mol object at 0x71c295177680>
0.0,0.0,0.0,0.0,0.0,0.0,0.0,0.0,0.0,0.0,0.0,0.0,TOX1485,O=C(O)c1cccc(C(=O)O)c1,<rdkit.Chem.rdchem.Mol object at 0x71c29516f450>
,,,,,,,,,0.0,,,TOX26458,C[C@]12CC[C@@H]3c4ccc(OC(=O)N(CCCl)CCCl)cc4CC[C@H]3[C@@H]1CC[C@@H]2O,<rdkit.Chem.rdchem.Mol object at 0x71c295152030>
0.0,0.0,,0.0,0.0,0.0,0.0,0.0,0.0,0.0,0.0,0.0,TOX1863,CCOC(=O)CC(=O)OCC,<rdkit.Chem.rdchem.Mol object at 0x71c2951254d0>
0.0,0.0,0.0,,0.0,0.0,0.0,0.0,0.0,0.0,0.0,0.0,TOX7265,OCCCCCCO,<rdkit.Chem.rdchem.Mol object at 0x71c2951f7bc0>
0.0,0.0,0.0,0.0,0.0,0.0,,,0.0,1.0,1.0,,TOX4911,CCCCC/C=C/C=C/C=O,<rdkit.Chem.rdchem.Mol object at 0x71c2951f58c0>
0.0,0.0,0.0,0.0,0.0,0.0,0.0,0.0,0.0,0.0,0.0,0.0,TOX311,CN(C)C(=O)Nc1ccc(Cl)cc1,<rdkit.Chem.rdchem.Mol object at 0x71c2951f44a0>
0.0,0.0,0.0,0.0,0.0,0.0,0.0,0.0,0.0,0.0,0.0,0.0,TOX22335,CCCCOC(=O)[C@H](C)O,<rdkit.Chem.rdchem.Mol object at 0x71c2951f0430>
0.0,0.0,1.0,,0.0,0.0,0.0,0.0,0.0,0.0,0.0,0.0,TOX3214,N[C@@H](Cc1cc(I)c(Oc2cc(I)c(O)c(I)c2)c(I)c1)C(=O)O,<rdkit.Chem.rdchem.Mol object at 0x71c2951ee500>
0.0,0.0,0.0,,0.0,0.0,,,0.0,1.0,0.0,0.0,TOX7050,CN(C)C(=S)[S-],<rdkit.Chem.rdchem.Mol object at 0x71c2951ee1f0>
0.0,0.0,1.0,,0.0,0.0,0.0,,0.0,0.0,,0.0,TOX18881,O=S(=O)([O-])c1ccc(N=Nc2c(O)ccc3ccccc23)cc1,<rdkit.Chem.rdchem.Mol object at 0x71c2951edf50>
0.0,0.0,0.0,,0.0,0.0,0.0,0.0,0.0,0.0,,0.0,TOX25792,CCCC(C(=O)OCCN(CC)CC)(c1ccccc1)c1ccccc1,<rdkit.Chem.rdchem.Mol object at 0x71c2951ed2a0>
0.0,0.0,,,0.0,0.0,0.0,,0.0,0.0,1.0,0.0,TOX684,Cl[C@H]1[C@H](Cl)[C@@H](Cl)[C@H](Cl)[C@H](Cl)[C@H]1Cl,<rdkit.Chem.rdchem.Mol object at 0x71c2951ec970>
0.0,0.0,0.0,1.0,,1.0,0.0,,0.0,,,,TOX1301,CC/C(=C(\c1ccccc1)c1ccc(OCCN(C)C)cc1)c1ccccc1.O=C(O)CC(O)(CC(=O)O)C(=O)O,<rdkit.Chem.rdchem.Mol object at 0x71c2951ec270>
0.0,0.0,0.0,0.0,0.0,0.0,0.0,0.0,0.0,0.0,0.0,0.0,TOX528,Cc1c([N+](=O)[O-])cccc1[N+](=O)[O-],<rdkit.Chem.rdchem.Mol object at 0x71c2951ea810>
0.0,0.0,0.0,0.0,1.0,0.0,0.0,1.0,0.0,0.0,0.0,0.0,TOX21663,O=C(C=Cc1ccccc1)OCc1ccccc1,<rdkit.Chem.rdchem.Mol object at 0x71c2951e7990>
0.0,0.0,0.0,0.0,0.0,0.0,0.0,0.0,0.0,0.0,0.0,0.0,TOX27574,C=CC(C)(CCC=C(C)C)OC(=O)CC,<rdkit.Chem.rdchem.Mol object at 0x71c2951e73e0>
0.0,0.0,,0.0,0.0,0.0,0.0,0.0,0.0,0.0,,0.0,TOX4952,CCCCNCCCC,<rdkit.Chem.rdchem.Mol object at 0x71c2951e6730>
0.0,0.0,0.0,0.0,0.0,0.0,0.0,0.0,0.0,0.0,0.0,0.0,TOX29320,CCCN1C=CN(C)C1,<rdkit.Chem.rdchem.Mol object at 0x71c2951e6420>
0.0,0.0,1.0,0.0,1.0,1.0,0.0,,0.0,0.0,1.0,0.0,TOX3231,CCN(CC)C(=O)[C@@H]1C=C2c3cccc4[nH]cc(c34)C[C@H]2N(C)C1,<rdkit.Chem.rdchem.Mol object at 0x71c2951e5770>
0.0,0.0,0.0,0.0,0.0,0.0,0.0,0.0,0.0,0.0,0.0,0.0,TOX28185,O=C(Oc1ccccc1)c1ccccc1,<rdkit.Chem.rdchem.Mol object at 0x71c2951e5000>
1.0,1.0,0.0,,1.0,,0.0,,0.0,0.0,0.0,0.0,TOX13512,C[C@]1(O)CC[C@H]2[C@@H]3CCC4=CC(=O)CC[C@]4(C)[C@@]3(F)[C@@H](O)C[C@@]21C,<rdkit.Chem.rdchem.Mol object at 0x71c2951e4430>
0.0,0.0,0.0,0.0,0.0,0.0,0.0,0.0,0.0,0.0,0.0,0.0,TOX27182,CCCCCCCCC(=O)OCC(C)OC(=O)CCCCCCCC,<rdkit.Chem.rdchem.Mol object at 0x71c2951e36f0>
,,,0.0,,0.0,0.0,,0.0,0.0,0.0,0.0,TOX14091,CCCCC(=O)Cl,<rdkit.Chem.rdchem.Mol object at 0x71c2951e30d0>
0.0,0.0,,1.0,0.0,0.0,0.0,1.0,0.0,0.0,0.0,0.0,TOX275,Nc1ccc(Oc2ccc(Cl)cc2)cc1,<rdkit.Chem.rdchem.Mol object at 0x71c2951e2490>
1.0,1.0,0.0,,,0.0,0.0,1.0,0.0,0.0,,1.0,TOX274,CC(=O)O[C@]1(C(C)=O)CC[C@H]2[C@@H]3C=C(Cl)C4=CC(=O)CC[C@]4(C)[C@H]3CC[C@@]21C,<rdkit.Chem.rdchem.Mol object at 0x71c2951e2420>
0.0,,,0.0,,,,,1.0,0.0,,,TOX12278,CC[C@]1(O)C[C@H]2CN(CCc3c([nH]c4ccccc34)[C@@](C(=O)OC)(c3cc4c(cc3OC)N(C=O)[C@H]3[C@@](O)(C(=O)OC)[C@H](OC(C)=O)[C@]5(CC)C=CCN6CC[C@]43[C@@H]65)C2)C1,<rdkit.Chem.rdchem.Mol object at 0x71c2951e2180>
0.0,0.0,0.0,,0.0,0.0,,1.0,0.0,0.0,,0.0,TOX20208,CO[C@H]1C=CO[C@@]2(C)Oc3c(C)c(O)c4c(O)c(cc([O-])c4c3C2=O)NC(=O)C(C)=CC=C[C@H](C)[C@H](O)[C@@H](C)[C@@H](O)[C@@H](C)[C@H](OC(C)=O)[C@@H]1C,<rdkit.Chem.rdchem.Mol object at 0x71c2951e0ba0>
0.0,0.0,1.0,1.0,0.0,0.0,0.0,0.0,0.0,0.0,,0.0,TOX21913,CCC1COC(Cn2cncn2)(c2ccc(Cl)cc2Cl)O1,<rdkit.Chem.rdchem.Mol object at 0x71c2951e0740>
0.0,0.0,0.0,0.0,0.0,0.0,0.0,1.0,0.0,0.0,0.0,0.0,TOX24268,O=C(O)COCCN1CCN(C(c2ccccc2)c2ccc(Cl)cc2)CC1,<rdkit.Chem.rdchem.Mol object at 0x71c2951dd4d0>
0.0,0.0,0.0,,,0.0,0.0,,0.0,,0.0,0.0,TOX3463,NC(Cc1ccccc1)C(=O)O,<rdkit.Chem.rdchem.Mol object at 0x71c2951da1f0>
0.0,0.0,0.0,0.0,0.0,0.0,0.0,0.0,0.0,0.0,0.0,0.0,TOX9617,O=C([O-])[C@H](O)[C@@H](O)[C@H](O)[C@H](O)CO,<rdkit.Chem.rdchem.Mol object at 0x71c2951d8890>
0.0,0.0,0.0,0.0,0.0,0.0,0.0,0.0,0.0,0.0,0.0,0.0,TOX29158,CCCCCCCCCCCCI,<rdkit.Chem.rdchem.Mol object at 0x71c2951d2f10>
0.0,0.0,0.0,,0.0,0.0,0.0,0.0,0.0,0.0,1.0,0.0,TOX1975,c1ccc(Nc2ccccc2)cc1,<rdkit.Chem.rdchem.Mol object at 0x71c2951d1e00>
0.0,0.0,0.0,0.0,0.0,0.0,0.0,1.0,0.0,0.0,1.0,0.0,TOX944,NC(=O)N/N=C/c1ccc([N+](=O)[O-])o1,<rdkit.Chem.rdchem.Mol object at 0x71c2951d0dd0>
0.0,0.0,0.0,0.0,0.0,0.0,0.0,,0.0,,0.0,0.0,TOX28603,CCC[C@@H]1C[C@@H](C(=O)N[C@H]([C@H](C)Cl)[C@H]2O[C@H](SC)[C@H](OP(=O)(O)O)[C@@H](O)[C@H]2O)N(C)C1,<rdkit.Chem.rdchem.Mol object at 0x71c2951cfa70>
0.0,0.0,0.0,0.0,0.0,0.0,0.0,0.0,0.0,0.0,0.0,0.0,TOX10780,Cc1ncc(CO)c(CO)c1O,<rdkit.Chem.rdchem.Mol object at 0x71c2951ce960>
0.0,0.0,0.0,0.0,0.0,0.0,0.0,0.0,0.0,0.0,0.0,0.0,TOX9154,O=C1CCCC1,<rdkit.Chem.rdchem.Mol object at 0x71c2951cb140>
0.0,0.0,0.0,0.0,0.0,0.0,0.0,0.0,0.0,0.0,0.0,0.0,TOX5243,CCCCCCCCCCC1CO1,<rdkit.Chem.rdchem.Mol object at 0x71c2951ca110>
0.0,0.0,0.0,0.0,0.0,0.0,0.0,0.0,0.0,0.0,0.0,0.0,TOX966,O=C(O)c1ccc([N+](=O)[O-])cc1,<rdkit.Chem.rdchem.Mol object at 0x71c2951c8c80>
0.0,0.0,1.0,0.0,0.0,0.0,0.0,0.0,0.0,0.0,0.0,0.0,TOX1419,N[C@@H](Cc1c[nH]c2ccccc12)C(=O)O,<rdkit.Chem.rdchem.Mol object at 0x71c2951c5310>
0.0,0.0,0.0,0.0,0.0,0.0,0.0,0.0,0.0,1.0,0.0,0.0,TOX28819,CNC(C)Cc1ccc2c(c1)OCO2,<rdkit.Chem.rdchem.Mol object at 0x71c2951c4c10>
0.0,0.0,0.0,0.0,0.0,0.0,0.0,1.0,0.0,0.0,,0.0,TOX4840,[Co+2].c1cc[cH-]c1.c1cc[cH-]c1,<rdkit.Chem.rdchem.Mol object at 0x71c2951c3530>
0.0,0.0,,0.0,1.0,1.0,,1.0,0.0,0.0,1.0,0.0,TOX182,CC(C)(c1ccc(O)cc1)c1ccc(O)cc1,<rdkit.Chem.rdchem.Mol object at 0x71c2951c29d0>
0.0,0.0,0.0,,,0.0,0.0,0.0,0.0,0.0,0.0,0.0,TOX1856,CCCCc1ccc(N)cc1,<rdkit.Chem.rdchem.Mol object at 0x71c2951be3b0>
0.0,0.0,0.0,0.0,0.0,0.0,0.0,1.0,0.0,0.0,0.0,0.0,TOX24364,BrCCCCBr,<rdkit.Chem.rdchem.Mol object at 0x71c2951b8820>
0.0,0.0,0.0,0.0,0.0,0.0,0.0,,0.0,0.0,,0.0,TOX5815,Cc1ccccc1C(OCCN(C)C)c1ccccc1,<rdkit.Chem.rdchem.Mol object at 0x71c2951b2500>
0.0,0.0,0.0,0.0,0.0,0.0,0.0,0.0,0.0,0.0,0.0,0.0,TOX1268,CCNc1nc(Cl)nc(NCC)n1,<rdkit.Chem.rdchem.Mol object at 0x71c2951b0cf0>
0.0,0.0,0.0,0.0,0.0,0.0,0.0,0.0,0.0,0.0,0.0,0.0,TOX22266,CCCCCSCCCCC,<rdkit.Chem.rdchem.Mol object at 0x71c2951b0190>
0.0,0.0,0.0,0.0,0.0,0.0,0.0,0.0,0.0,0.0,0.0,0.0,TOX863,C[C@](N)(Cc1ccc(O)c(O)c1)C(=O)O.C[C@](N)(Cc1ccc(O)c(O)c1)C(=O)O,<rdkit.Chem.rdchem.Mol object at 0x71c2951ad850>
0.0,0.0,0.0,,0.0,0.0,0.0,,0.0,0.0,,0.0,TOX9262,CCc1cc(C(C)(C)C)c(O)c(C(C)(C)C)c1,<rdkit.Chem.rdchem.Mol object at 0x71c2951acac0>
0.0,0.0,0.0,0.0,0.0,0.0,0.0,0.0,0.0,0.0,0.0,0.0,TOX26215,CCC1Nc2cc(Cl)c(S(N)(=O)=O)cc2S(=O)(=O)N1,<rdkit.Chem.rdchem.Mol object at 0x71c2951aaa40>
0.0,0.0,0.0,0.0,0.0,0.0,0.0,0.0,0.0,0.0,0.0,0.0,TOX2910,OC[C@H]1OC(O)[C@H](O)[C@@H](O)[C@@H]1O,<rdkit.Chem.rdchem.Mol object at 0x71c2951a7920>
0.0,0.0,0.0,0.0,0.0,0.0,,0.0,0.0,0.0,0.0,0.0,TOX22583,CCN1CCC[C@H]1CNC(=O)c1cc(S(N)(=O)=O)ccc1OC,<rdkit.Chem.rdchem.Mol object at 0x71c2951a5a80>
0.0,0.0,0.0,0.0,0.0,0.0,0.0,0.0,0.0,0.0,0.0,0.0,TOX7,CC(=O)c1ccc(S(=O)(=O)NC(=O)NC2CCCCC2)cc1,<rdkit.Chem.rdchem.Mol object at 0x71c2951a3d10>
0.0,0.0,0.0,0.0,0.0,0.0,0.0,,0.0,,0.0,0.0,TOX28938,C[N+](C)(C)CCO,<rdkit.Chem.rdchem.Mol object at 0x71c2951a0ba0>
0.0,0.0,0.0,0.0,1.0,0.0,0.0,0.0,0.0,0.0,0.0,0.0,TOX25704,COc1c(N2CCNC(C)C2)c(F)cc2c(=O)c(C(=O)O)cn(C3CC3)c12,<rdkit.Chem.rdchem.Mol object at 0x71c2951a03c0>
0.0,0.0,0.0,0.0,0.0,0.0,0.0,,0.0,,0.0,0.0,TOX26397,Cc1ncc(C[n+]2csc(CCOP(=O)(O)O)c2C)c(N)n1,<rdkit.Chem.rdchem.Mol object at 0x71c29519f450>
0.0,0.0,1.0,,1.0,0.0,0.0,0.0,0.0,0.0,,0.0,TOX4086,CCOP(=S)(OCC)SCSP(=S)(OCC)OCC,<rdkit.Chem.rdchem.Mol object at 0x71c29519be60>
0.0,0.0,0.0,0.0,0.0,0.0,0.0,,0.0,,0.0,0.0,TOX25094,C1CNCCN1.C[C@H](CCC(=O)O)[C@H]1CC[C@H]2[C@H]3[C@H](C[C@H](O)[C@@]21C)[C@@]1(C)CC[C@@H](O)C[C@H]1C[C@H]3O,<rdkit.Chem.rdchem.Mol object at 0x71c295199070>
0.0,0.0,0.0,0.0,0.0,0.0,0.0,0.0,0.0,0.0,0.0,0.0,TOX2489,O=C(O)/C=C/c1ccccc1,<rdkit.Chem.rdchem.Mol object at 0x71c295198a50>
0.0,0.0,0.0,0.0,0.0,0.0,0.0,0.0,0.0,0.0,0.0,0.0,TOX25748,CCN(CC)CCNC(=O)c1ccc(NC(C)=O)cc1,<rdkit.Chem.rdchem.Mol object at 0x71c29518cdd0>
0.0,0.0,0.0,0.0,0.0,0.0,0.0,0.0,0.0,0.0,,0.0,TOX12614,CCCN(CCCl)c1c([N+](=O)[O-])cc(C(F)(F)F)cc1[N+](=O)[O-],<rdkit.Chem.rdchem.Mol object at 0x71c295186b90>
0.0,0.0,0.0,0.0,0.0,0.0,0.0,0.0,0.0,0.0,0.0,0.0,TOX17596,CCNc1nc(NCC)nc(SC)n1,<rdkit.Chem.rdchem.Mol object at 0x71c295185540>
0.0,0.0,,0.0,,0.0,0.0,0.0,0.0,0.0,1.0,0.0,TOX3373,CCOC(=O)C1=C(C)NC(C)=C(C(=O)OC)C1c1cccc([N+](=O)[O-])c1,<rdkit.Chem.rdchem.Mol object at 0x71c295184510>
0.0,0.0,0.0,0.0,0.0,0.0,0.0,,0.0,0.0,0.0,0.0,TOX26313,O=C1CC[C@@]2(O)[C@H]3Cc4ccc(O)c5c4[C@@]2(CCN3CC2CC2)[C@H]1O5,<rdkit.Chem.rdchem.Mol object at 0x71c29517d770>
1.0,0.0,0.0,,1.0,,0.0,,0.0,,0.0,0.0,TOX28530,CO[C@@H]1[C@@H](O[C@@H]2O[C@H](C)[C@@H](O[C@H]3C[C@@](C)(O)[C@@H](OC(=O)CC(C)C)[C@H](C)O3)[C@H](N(C)C)[C@H]2O)[C@@H](CC=O)C[C@@H](C)[C@@H](O)C=CC=CC[C@@H](C)OC(=O)C[C@H]1O,<rdkit.Chem.rdchem.Mol object at 0x71c29517cac0>
0.0,0.0,0.0,0.0,0.0,0.0,0.0,0.0,0.0,0.0,0.0,0.0,TOX3437,CC(=O)CCCCn1c(=O)c2c(ncn2C)n(C)c1=O,<rdkit.Chem.rdchem.Mol object at 0x71c29517b300>
0.0,0.0,0.0,0.0,0.0,0.0,0.0,0.0,0.0,0.0,0.0,0.0,TOX21675,CC(=O)O[C@@H]1CC2CCC1(C)C2(C)C,<rdkit.Chem.rdchem.Mol object at 0x71c2951793f0>
0.0,0.0,0.0,0.0,0.0,0.0,0.0,0.0,0.0,0.0,0.0,0.0,TOX7043,CC(=O)[O-].[K+],<rdkit.Chem.rdchem.Mol object at 0x71c295177ed0>
0.0,0.0,0.0,0.0,,0.0,,,0.0,0.0,,0.0,TOX23881,CN(C)CCCN1c2ccccc2CCc2ccccc21,<rdkit.Chem.rdchem.Mol object at 0x71c2951718c0>
0.0,0.0,0.0,0.0,0.0,0.0,0.0,0.0,0.0,0.0,0.0,0.0,TOX28833,COc1ccc2c3c1O[C@H]1[C@H](O)CC[C@H]4[C@@H](C2)N(C)CC[C@@]341,<rdkit.Chem.rdchem.Mol object at 0x71c295168cf0>
0.0,0.0,0.0,0.0,0.0,0.0,0.0,0.0,0.0,0.0,0.0,0.0,TOX1969,COc1cc(C=O)ccc1O,<rdkit.Chem.rdchem.Mol object at 0x71c295164dd0>
0.0,0.0,0.0,0.0,0.0,0.0,0.0,,0.0,,0.0,0.0,TOX2588,Nc1nc(N)c2nc(CNc3ccc(C(=O)N[C@@H](CCC(=O)O)C(=O)O)cc3)cnc2n1,<rdkit.Chem.rdchem.Mol object at 0x71c295163920>
0.0,0.0,1.0,,,0.0,,1.0,0.0,0.0,0.0,0.0,TOX6124,CN(C)c1ccc(N(C)C)cc1,<rdkit.Chem.rdchem.Mol object at 0x71c295162c70>
0.0,0.0,0.0,0.0,0.0,0.0,0.0,,0.0,,0.0,0.0,TOX24130,Nc1ccc(S(=O)(=O)Nc2ncccn2)cc1,<rdkit.Chem.rdchem.Mol object at 0x71c295162490>
0.0,0.0,0.0,0.0,0.0,0.0,0.0,0.0,0.0,0.0,0.0,0.0,TOX1116,CCOc1ccc(NC(C)=O)cc1,<rdkit.Chem.rdchem.Mol object at 0x71c29515f4c0>
0.0,0.0,0.0,0.0,0.0,0.0,0.0,0.0,0.0,0.0,0.0,0.0,TOX3616,COc1cc(NS(=O)(=O)c2ccc(N)cc2)nc(C)n1,<rdkit.Chem.rdchem.Mol object at 0x71c29515d1c0>
0.0,0.0,0.0,0.0,0.0,0.0,0.0,0.0,0.0,0.0,0.0,0.0,TOX4254,c1ccc2c(c1)ccc1ccccc12,<rdkit.Chem.rdchem.Mol object at 0x71c295159930>
,0.0,,0.0,0.0,0.0,0.0,,0.0,0.0,,0.0,TOX7641,CC(C)OC(=O)CCCCC(=O)OC(C)C,<rdkit.Chem.rdchem.Mol object at 0x71c295155850>
0.0,0.0,,0.0,0.0,0.0,0.0,,0.0,0.0,,0.0,TOX1158,NC(=O)c1ccccc1C(N)=O,<rdkit.Chem.rdchem.Mol object at 0x71c2951500b0>
0.0,0.0,0.0,0.0,0.0,0.0,0.0,0.0,0.0,0.0,0.0,0.0,TOX25166,CCN(CC)CC(=O)Nc1c(C)cccc1C,<rdkit.Chem.rdchem.Mol object at 0x71c29514f140>
0.0,0.0,0.0,0.0,0.0,0.0,0.0,0.0,0.0,0.0,0.0,0.0,TOX2472,CCCCc1ccccc1,<rdkit.Chem.rdchem.Mol object at 0x71c29514d310>
,,,,,,,1.0,,0.0,,,TOX2749,CC1=C(C(=O)O)N2C(=O)[C@@H](NC(=O)[C@H](N)c3ccc(O)cc3)[C@H]2SC1,<rdkit.Chem.rdchem.Mol object at 0x71c29514b920>
0.0,,,,1.0,1.0,0.0,1.0,0.0,0.0,,0.0,TOX27937,O=C(c1ccc(O)cc1)c1ccc(Cl)cc1,<rdkit.Chem.rdchem.Mol object at 0x71c29514b5a0>
0.0,0.0,1.0,0.0,1.0,1.0,0.0,1.0,0.0,0.0,1.0,0.0,TOX1219,O=c1c(O)c(-c2ccc(O)c(O)c2)oc2cc(O)cc(O)c12,<rdkit.Chem.rdchem.Mol object at 0x71c29514a570>
0.0,0.0,0.0,0.0,0.0,0.0,0.0,0.0,0.0,0.0,0.0,0.0,TOX1216,COc1ccc(CN(CCN(C)C)c2ccccn2)cc1,<rdkit.Chem.rdchem.Mol object at 0x71c29514a420>
0.0,0.0,0.0,0.0,0.0,0.0,0.0,0.0,0.0,0.0,0.0,0.0,TOX24765,CC(=O)OCC=Cc1ccccc1,<rdkit.Chem.rdchem.Mol object at 0x71c295147df0>
0.0,0.0,0.0,0.0,0.0,0.0,1.0,0.0,0.0,0.0,1.0,0.0,TOX3742,CC(=O)CC(c1ccccc1)c1c(O)c2ccccc2oc1=O,<rdkit.Chem.rdchem.Mol object at 0x71c29513a9d0>
0.0,0.0,0.0,0.0,0.0,0.0,0.0,0.0,0.0,0.0,0.0,0.0,TOX24999,CC1=NN(c2ccc(S(=O)(=O)O)cc2)C(=O)C1,<rdkit.Chem.rdchem.Mol object at 0x71c295138f90>
0.0,0.0,0.0,,0.0,0.0,0.0,0.0,0.0,0.0,0.0,0.0,TOX440,CC(Oc1ccc(Cl)cc1Cl)C(=O)O,<rdkit.Chem.rdchem.Mol object at 0x71c295132ab0>
1.0,0.0,0.0,0.0,,0.0,0.0,,0.0,,0.0,0.0,TOX28923,CN1CC[C@@]23CCCC[C@@H]2[C@@H]1Cc1ccc(O)cc13,<rdkit.Chem.rdchem.Mol object at 0x71c295129cb0>
0.0,0.0,0.0,0.0,0.0,0.0,0.0,0.0,0.0,0.0,,0.0,TOX26071,CCCCN1CCCC[C@H]1C(=O)Nc1c(C)cccc1C,<rdkit.Chem.rdchem.Mol object at 0x71c295126ea0>
0.0,0.0,1.0,0.0,1.0,1.0,0.0,1.0,1.0,1.0,,0.0,TOX4930,Cc1ccc(N)c(N)c1,<rdkit.Chem.rdchem.Mol object at 0x71c29511c430>
0.0,0.0,0.0,0.0,0.0,0.0,0.0,,0.0,0.0,0.0,0.0,TOX29088,CCCCn1cc[n+](C)c1.O=S(=O)([O-])C(F)(F)F,<rdkit.Chem.rdchem.Mol object at 0x71c29514a3b0>
0.0,0.0,0.0,0.0,0.0,0.0,0.0,0.0,0.0,0.0,0.0,0.0,TOX29107,CCCn1cc[n+](C)c1.F[B-](F)(F)F,<rdkit.Chem.rdchem.Mol object at 0x71c295175620>
0.0,0.0,0.0,0.0,0.0,0.0,0.0,0.0,0.0,0.0,0.0,0.0,TOX1605,O=C(O)CCCCC(=O)O,<rdkit.Chem.rdchem.Mol object at 0x71c2951c84a0>
0.0,0.0,0.0,0.0,0.0,0.0,0.0,0.0,0.0,1.0,0.0,0.0,TOX15592,CCCCCCCC/C=C/CCCOC(C)=O,<rdkit.Chem.rdchem.Mol object at 0x71c2951336f0>
0.0,0.0,0.0,0.0,0.0,0.0,0.0,0.0,0.0,1.0,0.0,0.0,TOX27180,CC(C)CCCCCCCOC(=O)c1ccc(C(=O)OCCCCCCCC(C)C)c(C(=O)OCCCCCCCC(C)C)c1,<rdkit.Chem.rdchem.Mol object at 0x71c2951e3610>
0.0,0.0,0.0,0.0,0.0,0.0,0.0,,0.0,,0.0,0.0,TOX26790,CCCOC(=O)c1ccccc1O,<rdkit.Chem.rdchem.Mol object at 0x71c2951efae0>
0.0,0.0,0.0,0.0,0.0,0.0,,0.0,0.0,0.0,0.0,0.0,TOX4195,Cc1cc(Cl)ccc1OCC(=O)O,<rdkit.Chem.rdchem.Mol object at 0x71c2951dcac0>
1.0,1.0,0.0,,0.0,0.0,0.0,0.0,0.0,0.0,0.0,0.0,TOX3300,C[C@H]1C[C@H]2[C@@H]3CC[C@](O)(C(=O)CO)[C@@]3(C)C[C@H](O)[C@@H]2[C@@]2(C)C=CC(=O)C=C12,<rdkit.Chem.rdchem.Mol object at 0x71c2951add90>
0.0,0.0,0.0,0.0,0.0,0.0,0.0,0.0,0.0,0.0,0.0,0.0,TOX21484,CC/C=C\CCOC(C)=O,<rdkit.Chem.rdchem.Mol object at 0x71c295175850>
0.0,0.0,0.0,0.0,0.0,0.0,0.0,0.0,0.0,0.0,0.0,0.0,TOX5133,Cc1ccc([N+](=O)[O-])cc1C,<rdkit.Chem.rdchem.Mol object at 0x71c29516b140>
0.0,0.0,0.0,0.0,0.0,0.0,0.0,,0.0,,,0.0,TOX26646,CO/N=C(\C(=O)N[C@@H]1C(=O)N2C(C(=O)O)=C(CSc3nnnn3C)CS[C@H]12)c1csc(N)n1.CO/N=C(\C(=O)N[C@@H]1C(=O)N2C(C(=O)O)=C(CSc3nnnn3C)CS[C@H]12)c1csc(N)n1,<rdkit.Chem.rdchem.Mol object at 0x71c2951538b0>
0.0,0.0,0.0,0.0,0.0,0.0,0.0,0.0,0.0,0.0,0.0,0.0,TOX444,CCCCC(CC)COC(=O)COc1ccc(Cl)cc1Cl,<rdkit.Chem.rdchem.Mol object at 0x71c2951328f0>
0.0,0.0,0.0,,0.0,0.0,,,,0.0,,,TOX25085,CN1CCN(CCCN2c3ccccc3Sc3ccc(C(F)(F)F)cc32)CC1,<rdkit.Chem.rdchem.Mol object at 0x71c2951223b0>
1.0,0.0,0.0,0.0,0.0,0.0,0.0,0.0,0.0,1.0,0.0,0.0,TOX1957,O=C(Oc1ccccc1)c1ccccc1O,<rdkit.Chem.rdchem.Mol object at 0x71c2951c9620>
0.0,0.0,0.0,,0.0,0.0,,1.0,0.0,1.0,0.0,,TOX6294,C=C1CC[C@H](O)C/C1=C/C=C1\CCC[C@@]2(C)[C@H]1CC[C@@H]2[C@H](C)CCCC(C)C,<rdkit.Chem.rdchem.Mol object at 0x71c2951c43c0>
0.0,0.0,1.0,,0.0,0.0,0.0,,0.0,0.0,1.0,0.0,TOX4163,CON(C)C(=O)Nc1ccc(Cl)c(Cl)c1,<rdkit.Chem.rdchem.Mol object at 0x71c2951bd2a0>
0.0,0.0,0.0,0.0,0.0,0.0,0.0,,0.0,0.0,0.0,0.0,TOX24353,CCOC(=O)Cc1ccccc1,<rdkit.Chem.rdchem.Mol object at 0x71c29519a6c0>
0.0,0.0,0.0,0.0,0.0,0.0,,1.0,0.0,,1.0,,TOX779,C[C@H](CCC(=O)O)[C@H]1CC[C@H]2[C@@H]3CC[C@@H]4C[C@H](O)CC[C@]4(C)[C@H]3CC[C@@]21C,<rdkit.Chem.rdchem.Mol object at 0x71c295191c40>
0.0,0.0,0.0,0.0,0.0,0.0,0.0,0.0,0.0,0.0,0.0,0.0,TOX24764,CC(C)C(=O)OCCc1ccccc1,<rdkit.Chem.rdchem.Mol object at 0x71c295147d80>
1.0,1.0,0.0,,1.0,1.0,,,,,0.0,0.0,TOX1071,C#C[C@]1(OC(C)=O)CC[C@H]2[C@@H]3CCC4=CC(=O)CC[C@@H]4[C@H]3CC[C@@]21C,<rdkit.Chem.rdchem.Mol object at 0x71c295139d90>
0.0,0.0,1.0,0.0,0.0,0.0,0.0,0.0,0.0,0.0,0.0,0.0,TOX4999,O=[N+]([O-])c1ccc(Cl)c(Cl)c1,<rdkit.Chem.rdchem.Mol object at 0x71c295133610>
0.0,0.0,0.0,0.0,0.0,0.0,0.0,,0.0,,0.0,0.0,TOX26245,CCCCCCOC(=O)c1cccnc1,<rdkit.Chem.rdchem.Mol object at 0x71c29512c190>
0.0,0.0,0.0,,0.0,0.0,0.0,0.0,0.0,0.0,,0.0,TOX24582,Cc1c(C)c([N+](=O)[O-])c(C(C)(C)C)c([N+](=O)[O-])c1C,<rdkit.Chem.rdchem.Mol object at 0x71c2951f82e0>
0.0,,1.0,,,0.0,0.0,,0.0,,1.0,0.0,TOX26121,Cc1c(Cl)cccc1Nc1ncccc1C(=O)O,<rdkit.Chem.rdchem.Mol object at 0x71c2951f6f80>
0.0,1.0,1.0,0.0,0.0,0.0,1.0,1.0,0.0,0.0,1.0,1.0,TOX3764,c1ccc2c(c1)c1cccc3ccc4cccc2c4c31,<rdkit.Chem.rdchem.Mol object at 0x71c2951f57e0>
0.0,0.0,0.0,0.0,0.0,0.0,0.0,0.0,0.0,0.0,0.0,0.0,TOX2180,CC(C)[C@@H]1CC[C@@H](C)C[C@H]1O,<rdkit.Chem.rdchem.Mol object at 0x71c2951f4cf0>
0.0,0.0,0.0,0.0,0.0,0.0,0.0,,0.0,0.0,,0.0,TOX7589,CCCCOCC(C)O,<rdkit.Chem.rdchem.Mol object at 0x71c2951f30d0>
0.0,0.0,0.0,,,0.0,,,0.0,1.0,,,TOX15180,C=CCC1=C(C)C(OC(=O)C2C(C=C(C)C)C2(C)C)CC1=O,<rdkit.Chem.rdchem.Mol object at 0x71c2951f2f10>
0.0,0.0,0.0,0.0,0.0,0.0,0.0,0.0,0.0,0.0,,0.0,TOX26326,CN(C(=O)Cc1ccccc1)[C@H]1CC[C@@]2(CCCO2)C[C@@H]1N1CCCC1,<rdkit.Chem.rdchem.Mol object at 0x71c2951f2c70>
0.0,0.0,0.0,,0.0,0.0,,,0.0,,,0.0,TOX26322,CC(C)[C@@]1(NC(=O)[C@@H]2C[C@@H]3c4cccc5[nH]cc(c45)C[C@H]3N(C)C2)O[C@@]2(O)[C@@H]3CCCN3C(=O)[C@H](Cc3ccccc3)N2C1=O,<rdkit.Chem.rdchem.Mol object at 0x71c2951f2ab0>
0.0,0.0,0.0,0.0,0.0,0.0,0.0,,0.0,,0.0,0.0,TOX26548,FC(F)(F)C(F)(F)C(F)(F)C(F)(F)C(F)(F)C(F)(F)F,<rdkit.Chem.rdchem.Mol object at 0x71c2951f2880>
0.0,0.0,0.0,0.0,0.0,0.0,0.0,0.0,0.0,0.0,0.0,0.0,TOX7205,C[Si]1(C)O[Si](C)(C)O[Si](C)(C)O[Si](C)(C)O1,<rdkit.Chem.rdchem.Mol object at 0x71c2951f0eb0>
0.0,0.0,0.0,0.0,0.0,0.0,,1.0,0.0,1.0,,0.0,TOX2253,CC(C)=CC1C(C(=O)OCc2coc(Cc3ccccc3)c2)C1(C)C,<rdkit.Chem.rdchem.Mol object at 0x71c2951f0cf0>
0.0,,0.0,0.0,0.0,0.0,0.0,,0.0,0.0,,0.0,TOX20246,CC1=C(CC(=O)O)c2cc(F)ccc2/C1=C\c1ccc(S(C)(=O)=O)cc1,<rdkit.Chem.rdchem.Mol object at 0x71c2951f0580>
0.0,0.0,0.0,,0.0,0.0,,,,,,,TOX22086,CCCCCCCCCCCCN1CCCCCC1=O,<rdkit.Chem.rdchem.Mol object at 0x71c2951efd10>
0.0,0.0,0.0,0.0,0.0,0.0,0.0,0.0,0.0,0.0,0.0,0.0,TOX29306,CC[N+]1(C)CCCC1,<rdkit.Chem.rdchem.Mol object at 0x71c2951ef060>
0.0,0.0,,0.0,0.0,0.0,0.0,0.0,0.0,0.0,,0.0,TOX25578,O=C(O)[C@H]1[C@@H](O)CC[C@H]2CN3CCc4c([nH]c5ccccc45)[C@@H]3C[C@@H]21,<rdkit.Chem.rdchem.Mol object at 0x71c2951edbd0>
0.0,0.0,0.0,0.0,1.0,0.0,0.0,0.0,0.0,0.0,0.0,0.0,TOX6325,COc1ccc(NC(C)=O)cc1,<rdkit.Chem.rdchem.Mol object at 0x71c2951ed150>
0.0,0.0,0.0,0.0,0.0,0.0,0.0,,0.0,0.0,1.0,0.0,TOX2655,CCCCNc1ccc(C(=O)OCCOCCOCCOCCOCCOCCOCCOCCOCCOC)cc1,<rdkit.Chem.rdchem.Mol object at 0x71c2951ed070>
0.0,0.0,0.0,0.0,0.0,0.0,0.0,,0.0,,0.0,0.0,TOX2659,CN1[C@H]2CC[C@@H]1C[C@H](OC(c1ccccc1)c1ccccc1)C2,<rdkit.Chem.rdchem.Mol object at 0x71c2951ece40>
0.0,0.0,1.0,0.0,0.0,0.0,,,0.0,0.0,1.0,1.0,TOX24950,O=C(c1cc(O)c(O)c(O)c1)c1ccc(O)c(O)c1O,<rdkit.Chem.rdchem.Mol object at 0x71c2951ecba0>
,,,,,,,0.0,,0.0,,,TOX25820,CC1(C)S[C@@H]2[C@H](NC(=O)C(C(=O)[O-])c3ccccc3)C(=O)N2[C@H]1C(=O)[O-],<rdkit.Chem.rdchem.Mol object at 0x71c2951ec200>
0.0,0.0,0.0,,0.0,0.0,,1.0,0.0,1.0,,0.0,TOX3848,CCOCN(C(=O)CCl)c1c(C)cccc1CC,<rdkit.Chem.rdchem.Mol object at 0x71c2951ebae0>
,,,,,,,0.0,,0.0,,,TOX26563,c1ccc(CNCCNCc2ccccc2)cc1,<rdkit.Chem.rdchem.Mol object at 0x71c2951eb5a0>
0.0,0.0,0.0,0.0,0.0,0.0,0.0,0.0,0.0,0.0,0.0,0.0,TOX29135,CC[n+]1ccccc1.F[B-](F)(F)F,<rdkit.Chem.rdchem.Mol object at 0x71c2951eae30>
0.0,0.0,0.0,0.0,0.0,0.0,0.0,0.0,0.0,0.0,0.0,0.0,TOX256,C=C(C)[C@H]1CC=C(C)C(=O)C1,<rdkit.Chem.rdchem.Mol object at 0x71c2951ea570>
0.0,0.0,0.0,0.0,0.0,0.0,0.0,0.0,0.0,0.0,0.0,0.0,TOX1976,OCCOc1ccccc1,<rdkit.Chem.rdchem.Mol object at 0x71c2951ea340>
0.0,0.0,0.0,1.0,0.0,0.0,0.0,1.0,0.0,0.0,1.0,0.0,TOX784,CC[C@H](C)C(=O)O[C@H]1C[C@@H](C)C=C2C=C[C@H](C)[C@H](CC[C@@H]3C[C@@H](O)CC(=O)O3)[C@H]21,<rdkit.Chem.rdchem.Mol object at 0x71c2951e9cb0>
0.0,0.0,0.0,0.0,0.0,0.0,0.0,0.0,0.0,0.0,1.0,0.0,TOX2331,CCC(C)c1ccccc1O,<rdkit.Chem.rdchem.Mol object at 0x71c2951e9b60>
0.0,0.0,0.0,0.0,0.0,0.0,0.0,0.0,0.0,0.0,0.0,0.0,TOX7364,CCCCCCCC(=O)N(C)C,<rdkit.Chem.rdchem.Mol object at 0x71c2951e9af0>
0.0,0.0,0.0,0.0,0.0,0.0,,1.0,0.0,0.0,,,TOX25635,CN1CCCN(C(c2ccccc2)c2ccc(Cl)cc2)CC1,<rdkit.Chem.rdchem.Mol object at 0x71c2951e8890>
0.0,0.0,0.0,0.0,0.0,0.0,0.0,0.0,0.0,0.0,0.0,0.0,TOX10060,CC(C)(Cl)Cl,<rdkit.Chem.rdchem.Mol object at 0x71c2951e8740>
,,,,,,,0.0,,0.0,,,TOX31499,O=C(CCOCCOCCOCCOCCC(=O)Nc1c(I)cc(I)c(C(=O)O)c1I)Nc1c(I)cc(I)c(C(=O)O)c1I,<rdkit.Chem.rdchem.Mol object at 0x71c2951e7f40>
0.0,0.0,0.0,0.0,0.0,0.0,0.0,0.0,0.0,0.0,0.0,0.0,TOX7427,CN(C)CCOCCO,<rdkit.Chem.rdchem.Mol object at 0x71c2951e6e30>
0.0,0.0,0.0,0.0,0.0,0.0,0.0,0.0,0.0,0.0,1.0,0.0,TOX7429,OC1CCCCCCCCCCC1,<rdkit.Chem.rdchem.Mol object at 0x71c2951e6c70>
0.0,0.0,0.0,0.0,0.0,0.0,0.0,0.0,0.0,0.0,0.0,0.0,TOX6307,Cc1cccc(C)c1N,<rdkit.Chem.rdchem.Mol object at 0x71c2951e52a0>
0.0,0.0,0.0,0.0,0.0,0.0,0.0,0.0,0.0,0.0,0.0,0.0,TOX28181,CCCCCc1ccc(Cl)cc1,<rdkit.Chem.rdchem.Mol object at 0x71c2951e4e40>
0.0,0.0,0.0,0.0,0.0,0.0,,,0.0,,0.0,0.0,TOX28988,Cc1ccc(C2(O)CCN(CCCC(=O)c3ccc(F)cc3)CC2)cc1,<rdkit.Chem.rdchem.Mol object at 0x71c2951e42e0>
0.0,0.0,0.0,0.0,0.0,0.0,0.0,,0.0,,0.0,0.0,TOX5491,CCCCCCCCCCCC(=O)N(CCO)CCO,<rdkit.Chem.rdchem.Mol object at 0x71c2951e2c00>
,0.0,1.0,,1.0,1.0,0.0,1.0,1.0,0.0,1.0,0.0,TOX2311,COc1ccc(-c2coc3cc(O)ccc3c2=O)cc1,<rdkit.Chem.rdchem.Mol object at 0x71c2951e17e0>
0.0,0.0,1.0,0.0,0.0,0.0,0.0,0.0,0.0,0.0,0.0,0.0,TOX25611,COc1ccc2c(c1OC)C(=O)O[C@H]2[C@@H]1c2cc3c(cc2CCN1C)OCO3,<rdkit.Chem.rdchem.Mol object at 0x71c2951e0ac0>
0.0,0.0,0.0,0.0,0.0,0.0,0.0,0.0,0.0,0.0,,0.0,TOX21914,NCCOCCN,<rdkit.Chem.rdchem.Mol object at 0x71c2951e0580>
0.0,0.0,0.0,0.0,0.0,0.0,0.0,0.0,0.0,,,0.0,TOX12667,CC(C)[C@H](C(=O)O[C@H](C#N)c1cccc(Oc2ccccc2)c1)c1ccc(Cl)cc1,<rdkit.Chem.rdchem.Mol object at 0x71c2951de3b0>
,0.0,0.0,,,0.0,0.0,0.0,0.0,0.0,0.0,0.0,TOX3252,C[N+]1(C)CCCC(OC(=O)C(O)(c2ccccc2)c2ccccc2)C1,<rdkit.Chem.rdchem.Mol object at 0x71c2951de340>
0.0,0.0,,0.0,0.0,0.0,0.0,0.0,0.0,0.0,,0.0,TOX6366,ClC(Cl)(Cl)c1ccc(C(Cl)(Cl)Cl)cc1,<rdkit.Chem.rdchem.Mol object at 0x71c2951dde00>
0.0,0.0,1.0,0.0,0.0,0.0,0.0,,0.0,0.0,1.0,0.0,TOX28165,COC(=O)[C@]1(C)CCC[C@]2(C)[C@H]3CCC(C(C)C)=CC3=CC[C@@H]12,<rdkit.Chem.rdchem.Mol object at 0x71c2951ddcb0>
0.0,,0.0,,,,,,0.0,,1.0,1.0,TOX28164,CCCCCCCCCCCCOC(=O)c1cc(O)c(O)c(O)c1,<rdkit.Chem.rdchem.Mol object at 0x71c2951ddc40>
0.0,0.0,0.0,0.0,0.0,0.0,0.0,0.0,0.0,0.0,0.0,0.0,TOX26345,NC(=O)CC[C@@H](N)C(=O)O,<rdkit.Chem.rdchem.Mol object at 0x71c2951dc2e0>
0.0,0.0,0.0,0.0,0.0,0.0,0.0,0.0,0.0,0.0,0.0,0.0,TOX21366,COc1ccc([N+](=O)[O-])cc1[N+](=O)[O-],<rdkit.Chem.rdchem.Mol object at 0x71c2951db1b0>
0.0,,,,,1.0,,1.0,1.0,,1.0,,TOX7773,C=CC(=O)OCC(CC)(COC(=O)C=C)COC(=O)C=C,<rdkit.Chem.rdchem.Mol object at 0x71c2951da6c0>
0.0,0.0,0.0,0.0,0.0,0.0,0.0,0.0,0.0,1.0,0.0,0.0,TOX1916,CCCCCC(C)=O,<rdkit.Chem.rdchem.Mol object at 0x71c2951da3b0>
0.0,0.0,,0.0,1.0,0.0,0.0,,0.0,,0.0,0.0,TOX28629,CCCCCCCCCCCCCCCC(=O)OC[C@@H](COP(=O)([O-])OCC[N+](C)(C)C)OC(=O)CCCCCCCCCCCCCCC,<rdkit.Chem.rdchem.Mol object at 0x71c2951d9850>
1.0,0.0,0.0,0.0,0.0,0.0,0.0,0.0,0.0,0.0,0.0,0.0,TOX9612,C=C(C)C1CC=C(C)CC1,<rdkit.Chem.rdchem.Mol object at 0x71c2951d89e0>
0.0,0.0,0.0,0.0,0.0,0.0,0.0,0.0,0.0,0.0,0.0,0.0,TOX9619,N#C[S-],<rdkit.Chem.rdchem.Mol object at 0x71c2951d87b0>
0.0,0.0,0.0,0.0,0.0,0.0,0.0,0.0,0.0,0.0,0.0,0.0,TOX24974,CN(C)CCCNCCCN(C)C,<rdkit.Chem.rdchem.Mol object at 0x71c2951d86d0>
,0.0,0.0,,,0.0,0.0,0.0,0.0,0.0,0.0,0.0,TOX4886,C1CCCC1,<rdkit.Chem.rdchem.Mol object at 0x71c2951d6420>
0.0,0.0,0.0,0.0,0.0,0.0,0.0,0.0,0.0,0.0,,0.0,TOX27059,CCCC(=O)c1ccccc1,<rdkit.Chem.rdchem.Mol object at 0x71c2951d6180>
0.0,1.0,0.0,0.0,1.0,1.0,0.0,0.0,0.0,0.0,0.0,0.0,TOX24247,OC[C@H](O)[C@@H](O)[C@H](O[C@@H]1O[C@H](CO)[C@H](O)[C@H](O)[C@H]1O)[C@H](O)CO,<rdkit.Chem.rdchem.Mol object at 0x71c2951d5310>
0.0,0.0,0.0,0.0,0.0,0.0,0.0,0.0,0.0,0.0,0.0,0.0,TOX18798,CCOc1ccccc1OCC,<rdkit.Chem.rdchem.Mol object at 0x71c2951d47b0>
0.0,0.0,1.0,,0.0,0.0,0.0,0.0,0.0,0.0,0.0,0.0,TOX1363,Cc1cccc(N)c1,<rdkit.Chem.rdchem.Mol object at 0x71c2951d46d0>
0.0,,,,,1.0,,,,1.0,,,TOX22123,[Hg+2],<rdkit.Chem.rdchem.Mol object at 0x71c2951d3ae0>
0.0,0.0,0.0,0.0,1.0,0.0,0.0,,0.0,0.0,0.0,0.0,TOX5454,CC(C)CCOC(=O)C=Cc1ccccc1,<rdkit.Chem.rdchem.Mol object at 0x71c2951d31b0>
1.0,0.0,0.0,0.0,0.0,0.0,0.0,,0.0,,0.0,0.0,TOX25479,CN[C@@H]1[C@@H](O)[C@@H](O[C@@H]2[C@@H](O)[C@H](OC3OC(CN)=CCC3N)[C@@H](N)C[C@H]2N)OC[C@]1(C)O.CN[C@@H]1[C@@H](O)[C@@H](O[C@@H]2[C@@H](O)[C@H](OC3OC(CN)=CCC3N)[C@@H](N)C[C@H]2N)OC[C@]1(C)O,<rdkit.Chem.rdchem.Mol object at 0x71c2951d1460>
0.0,0.0,0.0,0.0,0.0,0.0,0.0,0.0,0.0,0.0,0.0,0.0,TOX5293,CCCCC(CC)C(=O)O,<rdkit.Chem.rdchem.Mol object at 0x71c2951d0ba0>
0.0,0.0,1.0,0.0,1.0,0.0,0.0,0.0,0.0,0.0,1.0,0.0,TOX4246,Brc1ccc(Oc2cc(Br)c(Br)cc2Br)c(Br)c1,<rdkit.Chem.rdchem.Mol object at 0x71c2951ce180>
0.0,0.0,0.0,1.0,0.0,0.0,0.0,0.0,0.0,0.0,0.0,0.0,TOX392,C=CCOC(=O)c1ccccc1C(=O)OCC=C,<rdkit.Chem.rdchem.Mol object at 0x71c2951cd4d0>
0.0,0.0,0.0,0.0,0.0,0.0,0.0,0.0,0.0,0.0,0.0,0.0,TOX6501,CC1=CCC2CC1C2(C)C,<rdkit.Chem.rdchem.Mol object at 0x71c2951cd3f0>
0.0,0.0,0.0,,0.0,0.0,0.0,,0.0,0.0,0.0,0.0,TOX28123,ClCC=CCCl,<rdkit.Chem.rdchem.Mol object at 0x71c2951cd1c0>
1.0,,0.0,,,0.0,0.0,1.0,0.0,0.0,,,TOX13314,N=C(NCCCCCCNC(=N)NC(=N)Nc1ccc(Cl)cc1)NC(=N)Nc1ccc(Cl)cc1,<rdkit.Chem.rdchem.Mol object at 0x71c2951cd150>
0.0,0.0,0.0,0.0,,,0.0,0.0,0.0,0.0,0.0,0.0,TOX1165,C1CCNCC1,<rdkit.Chem.rdchem.Mol object at 0x71c2951cc7b0>
0.0,0.0,0.0,0.0,0.0,0.0,0.0,0.0,0.0,0.0,0.0,0.0,TOX6631,O=C(Cl)c1ccccc1,<rdkit.Chem.rdchem.Mol object at 0x71c2951cc3c0>
0.0,0.0,1.0,1.0,0.0,0.0,0.0,0.0,0.0,0.0,0.0,0.0,TOX5715,COC(=O)C1=C(C)NC(C)=C(C(=O)OC)C1c1ccccc1[N+](=O)[O-],<rdkit.Chem.rdchem.Mol object at 0x71c2951cb300>
,,,,,,,0.0,,0.0,,,TOX31599,CCCOC(=O)c1cncn1C(C)c1ccccc1,<rdkit.Chem.rdchem.Mol object at 0x71c2951ca7a0>
0.0,0.0,,0.0,1.0,0.0,0.0,1.0,0.0,0.0,1.0,0.0,TOX1952,O=P(Oc1ccccc1)(Oc1ccccc1)Oc1ccccc1,<rdkit.Chem.rdchem.Mol object at 0x71c2951c9770>
0.0,0.0,0.0,0.0,0.0,0.0,0.0,0.0,0.0,0.0,0.0,0.0,TOX967,CCCC[N+](=O)[O-],<rdkit.Chem.rdchem.Mol object at 0x71c2951c8cf0>
0.0,0.0,0.0,0.0,0.0,0.0,0.0,0.0,0.0,0.0,0.0,0.0,TOX2556,Nc1nc2c(ncn2COCCO)c(=O)[nH]1,<rdkit.Chem.rdchem.Mol object at 0x71c2951c8900>
0.0,0.0,0.0,0.0,0.0,0.0,0.0,0.0,0.0,0.0,0.0,0.0,TOX28666,O=C(O)[C@@H](O)[C@H](O)[C@H](O)[C@@H](O)C(=O)O,<rdkit.Chem.rdchem.Mol object at 0x71c2951c7f40>
0.0,0.0,0.0,0.0,0.0,0.0,0.0,0.0,0.0,0.0,0.0,0.0,TOX26195,COc1cc(C(=S)N2CCOCC2)cc(OC)c1OC,<rdkit.Chem.rdchem.Mol object at 0x71c2951c6570>
0.0,0.0,0.0,0.0,0.0,0.0,0.0,0.0,0.0,0.0,0.0,0.0,TOX371,Nc1ccc(S(=O)(=O)c2ccc(N)cc2)cc1,<rdkit.Chem.rdchem.Mol object at 0x71c2951c5e70>
0.0,0.0,0.0,0.0,0.0,0.0,0.0,0.0,0.0,0.0,,0.0,TOX1145,c1ccc(OCC2CO2)cc1,<rdkit.Chem.rdchem.Mol object at 0x71c2951c5070>
0.0,0.0,0.0,0.0,1.0,0.0,0.0,,0.0,,0.0,0.0,TOX28951,CC1(C)C2CC[C@]3(C)[C@H](C(=O)C=C4[C@@H]5C[C@@](C)(C(=O)O)CC[C@]5(C)CC[C@]43C)[C@@]2(C)CC[C@@H]1O[C@H]1O[C@H](C(=O)[O-])[C@@H](O)[C@H](O)[C@H]1O[C@@H]1O[C@H](C(=O)O)[C@@H](O)[C@H](O)[C@H]1O,<rdkit.Chem.rdchem.Mol object at 0x71c2951c4a50>
0.0,0.0,0.0,0.0,0.0,0.0,0.0,0.0,0.0,0.0,0.0,0.0,TOX27459,O=C1[N-]S(=O)(=O)c2ccccc21.O=C1[N-]S(=O)(=O)c2ccccc21,<rdkit.Chem.rdchem.Mol object at 0x71c2951c37d0>
0.0,,1.0,1.0,1.0,,,,,0.0,1.0,1.0,TOX23777,Nc1ccc2cc3ccc(N)cc3nc2c1.Nc1ccc2cc3ccc(N)cc3nc2c1,<rdkit.Chem.rdchem.Mol object at 0x71c2951c3220>
0.0,0.0,0.0,0.0,0.0,0.0,0.0,0.0,0.0,0.0,,0.0,TOX3157,CC(=O)N(CC(O)CO)c1c(I)c(C(=O)NCC(O)CO)c(I)c(C(=O)NCC(O)CO)c1I,<rdkit.Chem.rdchem.Mol object at 0x71c2951c2ce0>
0.0,0.0,,0.0,0.0,0.0,0.0,0.0,0.0,0.0,0.0,0.0,TOX2576,CC(=O)[C@H]1CC[C@H]2[C@@H]3CC[C@H]4C[C@H](O)CC[C@]4(C)[C@H]3C(=O)C[C@]12C,<rdkit.Chem.rdchem.Mol object at 0x71c2951c20a0>
0.0,0.0,1.0,,1.0,0.0,,0.0,1.0,0.0,,,TOX2288,CCCCCCOc1ccc(N)cc1,<rdkit.Chem.rdchem.Mol object at 0x71c2951c1b60>
0.0,0.0,1.0,,0.0,0.0,0.0,1.0,0.0,0.0,1.0,0.0,TOX24464,O=C1c2ccccc2C(=O)c2c(O)ccc(O)c21,<rdkit.Chem.rdchem.Mol object at 0x71c2951be880>
0.0,0.0,0.0,0.0,0.0,0.0,0.0,0.0,0.0,0.0,0.0,0.0,TOX358,OC[C@H]1O[C@@H]2O[C@@H]3[C@@H](CO)O[C@H](O[C@@H]4[C@@H](CO)O[C@H](O[C@@H]5[C@@H](CO)O[C@H](O[C@@H]6[C@@H](CO)O[C@H](O[C@@H]7[C@@H](CO)O[C@H](O[C@@H]8[C@@H](CO)O[C@H](O[C@H]1[C@H](O)[C@H]2O)[C@H](O)[C@H]8O)[C@H](O)[C@H]7O)[C@H](O)[C@H]6O)[C@H](O)[C@H]5O)[C@H](O)[C@H]4O)[C@H](O)[C@H]3O,<rdkit.Chem.rdchem.Mol object at 0x71c2951be810>
0.0,0.0,,,0.0,1.0,,1.0,0.0,1.0,,1.0,TOX5436,Oc1cccc2cccnc12.Oc1cccc2cccnc12,<rdkit.Chem.rdchem.Mol object at 0x71c2951bc2e0>
,,,,,,,0.0,,0.0,,,TOX31551,CC(C)(C)c1nnc(NS(=O)(=O)c2ccc(N)cc2)s1,<rdkit.Chem.rdchem.Mol object at 0x71c2951bc0b0>
0.0,0.0,0.0,0.0,0.0,0.0,,1.0,0.0,,,,TOX7923,CCCCCCCCCC(CC)c1ccc(S(=O)(=O)O)cc1,<rdkit.Chem.rdchem.Mol object at 0x71c2951baf10>
0.0,0.0,1.0,0.0,0.0,0.0,0.0,,0.0,0.0,0.0,0.0,TOX25364,O=C(CCCN1CCC(n2c(=O)[nH]c3ccccc32)CC1)c1ccc(F)cc1,<rdkit.Chem.rdchem.Mol object at 0x71c2951ba340>
0.0,0.0,0.0,,,0.0,,,0.0,0.0,1.0,1.0,TOX6520,Nc1ccc2c(O)cc(S(=O)(=O)O)cc2c1,<rdkit.Chem.rdchem.Mol object at 0x71c2951b9f50>
0.0,0.0,0.0,0.0,1.0,0.0,0.0,0.0,0.0,0.0,0.0,0.0,TOX9698,O=S(=O)([O-])OOS(=O)(=O)[O-],<rdkit.Chem.rdchem.Mol object at 0x71c2951b9070>
0.0,0.0,0.0,0.0,0.0,0.0,0.0,0.0,0.0,0.0,0.0,0.0,TOX1744,CCCC(C)C1(CC)C(=O)N=C([S-])NC1=O,<rdkit.Chem.rdchem.Mol object at 0x71c2951b63b0>
0.0,0.0,0.0,0.0,,0.0,0.0,,,,,,TOX25152,O=C1NCN(c2ccccc2)C12CCN(CCCC(c1ccc(F)cc1)c1ccc(F)cc1)CC2,<rdkit.Chem.rdchem.Mol object at 0x71c2951b5770>
0.0,0.0,0.0,0.0,0.0,0.0,0.0,0.0,0.0,0.0,0.0,0.0,TOX24827,CC(=O)OCC(C)OC(C)=O,<rdkit.Chem.rdchem.Mol object at 0x71c2951b43c0>
0.0,0.0,,0.0,0.0,0.0,0.0,0.0,0.0,0.0,,0.0,TOX17493,CCNc1nc(NC(C)C)nc(OC)n1,<rdkit.Chem.rdchem.Mol object at 0x71c2951b38b0>
,0.0,0.0,,0.0,0.0,0.0,0.0,0.0,0.0,0.0,0.0,TOX6894,CCCCCCCCS,<rdkit.Chem.rdchem.Mol object at 0x71c2951b2ce0>
0.0,0.0,0.0,,0.0,0.0,0.0,0.0,0.0,,,,TOX17706,O=S(=O)([O-])C(F)(F)C(F)(F)C(F)(F)C(F)(F)C(F)(F)C(F)(F)C(F)(F)C(F)(F)F,<rdkit.Chem.rdchem.Mol object at 0x71c2951b1bd0>
0.0,0.0,0.0,,,0.0,0.0,0.0,0.0,0.0,,0.0,TOX673,CCN(Cc1cccc(S(=O)(=O)[O-])c1)c1ccc(C(=C2C=CC(=[N+](CC)Cc3cccc(S(=O)(=O)[O-])c3)C=C2)c2ccc(O)cc2S(=O)(=O)[O-])cc1,<rdkit.Chem.rdchem.Mol object at 0x71c2951b18c0>
0.0,0.0,1.0,0.0,0.0,0.0,0.0,0.0,0.0,0.0,1.0,0.0,TOX7319,Cc1c(N)cccc1N,<rdkit.Chem.rdchem.Mol object at 0x71c2951b1150>
0.0,0.0,0.0,,,0.0,,,,0.0,1.0,,TOX796,COC(=O)C1=C(C)NC(C)=C(C(=O)OCCN2CCN(C(c3ccccc3)c3ccccc3)CC2)C1c1cccc([N+](=O)[O-])c1,<rdkit.Chem.rdchem.Mol object at 0x71c2951af300>
0.0,0.0,0.0,0.0,0.0,0.0,0.0,0.0,0.0,0.0,0.0,0.0,TOX13863,C=Cc1ccc(C=C)cc1,<rdkit.Chem.rdchem.Mol object at 0x71c2951ae3b0>
0.0,0.0,1.0,0.0,0.0,0.0,0.0,0.0,0.0,0.0,0.0,0.0,TOX1815,Nc1ccc(Cl)c(Cl)c1,<rdkit.Chem.rdchem.Mol object at 0x71c2951adfc0>
0.0,,1.0,,0.0,1.0,0.0,1.0,0.0,,,0.0,TOX861,Cc1ccc(O)c(O)c1,<rdkit.Chem.rdchem.Mol object at 0x71c2951ad930>
0.0,0.0,0.0,0.0,0.0,0.0,0.0,0.0,0.0,0.0,0.0,0.0,TOX1477,F[B-](F)(F)F,<rdkit.Chem.rdchem.Mol object at 0x71c2951ac820>
0.0,0.0,0.0,0.0,0.0,0.0,0.0,0.0,0.0,0.0,0.0,0.0,TOX27166,COc1ccc(CCC(C)=O)cc1,<rdkit.Chem.rdchem.Mol object at 0x71c2951ab450>
0.0,0.0,1.0,0.0,0.0,0.0,0.0,0.0,0.0,0.0,0.0,0.0,TOX738,O=C(O)Cc1c[nH]c2ccccc12,<rdkit.Chem.rdchem.Mol object at 0x71c2951a5770>
,0.0,0.0,0.0,0.0,0.0,0.0,0.0,0.0,0.0,,0.0,TOX9249,CN(C)CCN(C)CCN(C)C,<rdkit.Chem.rdchem.Mol object at 0x71c2951a4e40>
0.0,0.0,1.0,,,0.0,,1.0,0.0,0.0,1.0,1.0,TOX6214,O=C(Nc1ccc(Cl)cc1)Nc1ccc(Cl)c(Cl)c1,<rdkit.Chem.rdchem.Mol object at 0x71c2951a4c10>
0.0,0.0,0.0,0.0,0.0,0.0,0.0,0.0,0.0,0.0,0.0,0.0,TOX9247,CC(C)(O)c1ccc(C(C)(C)O)cc1,<rdkit.Chem.rdchem.Mol object at 0x71c2951a4ba0>
,,,,,,,0.0,,0.0,,,TOX3630,C=CCC1(C(C)CC)C(=O)NC(=O)NC1=O,<rdkit.Chem.rdchem.Mol object at 0x71c2951a3920>
0.0,0.0,1.0,0.0,0.0,0.0,0.0,1.0,0.0,0.0,1.0,0.0,TOX458,CCOP(=S)(OCC)Oc1nc(Cl)c(Cl)cc1Cl,<rdkit.Chem.rdchem.Mol object at 0x71c2951a20a0>
0.0,0.0,0.0,0.0,0.0,0.0,,0.0,0.0,0.0,,0.0,TOX13187,CN(C)CCC=C1c2ccccc2CCc2ccccc21,<rdkit.Chem.rdchem.Mol object at 0x71c2951a1850>
0.0,0.0,0.0,0.0,0.0,0.0,0.0,,0.0,,0.0,0.0,TOX26063,COC(=O)[C@H]1[C@H](OC(=O)c2ccccc2)C[C@@H]2CC[C@H]1N2C,<rdkit.Chem.rdchem.Mol object at 0x71c29519ece0>
0.0,0.0,0.0,0.0,,0.0,0.0,,0.0,,0.0,0.0,TOX26061,CC(C)CN(C[C@@H](O)[C@H](Cc1ccccc1)NC(=O)O[C@@H]1CCOC1)S(=O)(=O)c1ccc(N)cc1,<rdkit.Chem.rdchem.Mol object at 0x71c29519ec00>
0.0,0.0,0.0,0.0,0.0,0.0,0.0,0.0,0.0,0.0,0.0,0.0,TOX17680,CCn1cc(C(=O)O)c(=O)c2cc(F)c(N3CCNCC3)cc21,<rdkit.Chem.rdchem.Mol object at 0x71c29519e490>
1.0,1.0,0.0,0.0,0.0,0.0,0.0,0.0,0.0,0.0,0.0,0.0,TOX1414,CCCCC(CC)COP(=O)(OCC(CC)CCCC)OCC(CC)CCCC,<rdkit.Chem.rdchem.Mol object at 0x71c29519c0b0>
0.0,0.0,0.0,0.0,,0.0,1.0,1.0,0.0,0.0,0.0,,TOX22011,CCCCCCCCCCCC(=O)N(C)CC(=O)O,<rdkit.Chem.rdchem.Mol object at 0x71c29519b5a0>
0.0,0.0,1.0,1.0,1.0,0.0,0.0,,1.0,,1.0,0.0,TOX26255,C(=Cc1ccncc1)c1ccccc1,<rdkit.Chem.rdchem.Mol object at 0x71c29519b370>
,0.0,,,1.0,,0.0,0.0,0.0,0.0,1.0,0.0,TOX29391,O=C1c2ccccc2Cc2ccccc21,<rdkit.Chem.rdchem.Mol object at 0x71c29519aab0>
0.0,0.0,0.0,0.0,1.0,0.0,0.0,0.0,0.0,0.0,0.0,0.0,TOX123,c1ccc(N=Nc2ccccc2)cc1,<rdkit.Chem.rdchem.Mol object at 0x71c29519a2d0>
0.0,0.0,0.0,0.0,0.0,0.0,0.0,0.0,0.0,0.0,0.0,0.0,TOX1026,CCCCN(CCCC)N=O,<rdkit.Chem.rdchem.Mol object at 0x71c2951995b0>
0.0,0.0,1.0,,,0.0,0.0,1.0,0.0,0.0,1.0,0.0,TOX25899,CCCCCCOc1ccccc1C(N)=O,<rdkit.Chem.rdchem.Mol object at 0x71c295198580>
0.0,,,,,,0.0,,,,1.0,,TOX2955,CCN1C(=CC=CC=Cc2sc3ccccc3[n+]2CC)Sc2ccccc21,<rdkit.Chem.rdchem.Mol object at 0x71c295198350>
0.0,0.0,1.0,0.0,,0.0,0.0,1.0,0.0,1.0,1.0,,TOX2837,Oc1c(I)cc(Cl)c2cccnc12,<rdkit.Chem.rdchem.Mol object at 0x71c295193b50>
0.0,0.0,0.0,0.0,0.0,0.0,0.0,1.0,0.0,0.0,0.0,0.0,TOX7253,CCOC(=O)/C=C/C(=O)OCC,<rdkit.Chem.rdchem.Mol object at 0x71c295190890>
0.0,0.0,0.0,0.0,0.0,0.0,0.0,0.0,0.0,0.0,0.0,0.0,TOX26270,CCC(C(=O)OCCOCCN(CC)CC)c1ccccc1.O=C(O)CC(O)(CC(=O)O)C(=O)O,<rdkit.Chem.rdchem.Mol object at 0x71c29518f5a0>
0.0,0.0,0.0,0.0,0.0,0.0,0.0,0.0,0.0,0.0,0.0,0.0,TOX21521,NCCCN1CCOCC1,<rdkit.Chem.rdchem.Mol object at 0x71c29518f140>
0.0,0.0,0.0,0.0,,0.0,,0.0,0.0,0.0,,0.0,TOX21152,COc1ccc(CCN(C)CCCC(C#N)(c2ccc(OC)c(OC)c2)C(C)C)cc1OC,<rdkit.Chem.rdchem.Mol object at 0x71c29518e570>
0.0,0.0,0.0,0.0,0.0,0.0,0.0,0.0,0.0,0.0,0.0,0.0,TOX22198,CCCCNS(=O)(=O)c1ccc(C)cc1,<rdkit.Chem.rdchem.Mol object at 0x71c29518b8b0>
0.0,0.0,,0.0,,0.0,0.0,0.0,0.0,0.0,0.0,0.0,TOX26534,CC(=O)N[C@@H](CCC(=O)O)C(=O)O,<rdkit.Chem.rdchem.Mol object at 0x71c29518b1b0>
0.0,0.0,1.0,0.0,0.0,0.0,0.0,0.0,0.0,1.0,0.0,0.0,TOX288,Cc1cc(Cl)ccc1N,<rdkit.Chem.rdchem.Mol object at 0x71c29518af10>
1.0,0.0,1.0,,0.0,0.0,0.0,1.0,1.0,0.0,1.0,0.0,TOX283,Nc1ccc(Cl)cc1N,<rdkit.Chem.rdchem.Mol object at 0x71c29518ace0>
0.0,0.0,,,,0.0,0.0,0.0,1.0,0.0,,0.0,TOX3030,CCc1cc2c(s1)-n1c(C)nnc1CN=C2c1ccccc1Cl,<rdkit.Chem.rdchem.Mol object at 0x71c29518a570>
0.0,0.0,0.0,0.0,0.0,0.0,,,0.0,1.0,0.0,1.0,TOX3035,COc1cc([C@@H]2c3cc4c(cc3C(O[C@@H]3O[C@@H]5CO[C@@H](C)O[C@H]5[C@H](O)[C@H]3O)C3COC(=O)[C@@H]32)OCO4)cc(OC)c1O,<rdkit.Chem.rdchem.Mol object at 0x71c29518a420>
0.0,1.0,0.0,0.0,1.0,1.0,0.0,0.0,0.0,1.0,1.0,1.0,TOX576,C#C[C@]1(O)CC[C@H]2[C@@H]3CCc4cc(O)ccc4[C@H]3CC[C@@]21C,<rdkit.Chem.rdchem.Mol object at 0x71c29518a0a0>
0.0,0.0,0.0,0.0,0.0,0.0,0.0,0.0,0.0,0.0,0.0,0.0,TOX2977,O=C(O)CN(CCN(CC(=O)O)CC(=O)O)CC(=O)O,<rdkit.Chem.rdchem.Mol object at 0x71c295187ae0>
0.0,0.0,0.0,0.0,0.0,0.0,0.0,0.0,0.0,0.0,0.0,0.0,TOX168,ClCCOCCCl,<rdkit.Chem.rdchem.Mol object at 0x71c295187a70>
0.0,0.0,0.0,0.0,0.0,0.0,0.0,0.0,0.0,0.0,0.0,0.0,TOX25500,CS(=O)(=O)c1ccc([C@@H](O)[C@@H](CF)NC(=O)C(Cl)Cl)cc1,<rdkit.Chem.rdchem.Mol object at 0x71c295186f80>
0.0,0.0,0.0,0.0,0.0,0.0,0.0,0.0,0.0,0.0,0.0,0.0,TOX24902,CCC(C)(CCC(C)C)C(=O)[O-].CCC(C)(CCC(C)C)C(=O)[O-],<rdkit.Chem.rdchem.Mol object at 0x71c295185cb0>
0.0,0.0,0.0,0.0,0.0,0.0,0.0,0.0,0.0,0.0,0.0,0.0,TOX27060,COc1cccc(OC)c1,<rdkit.Chem.rdchem.Mol object at 0x71c2951858c0>
0.0,0.0,1.0,0.0,0.0,0.0,0.0,1.0,0.0,0.0,,0.0,TOX24782,Nc1c(S(=O)(=O)O)cc(Br)c2c1C(=O)c1ccccc1C2=O,<rdkit.Chem.rdchem.Mol object at 0x71c29517e9d0>
0.0,0.0,0.0,0.0,0.0,0.0,0.0,0.0,0.0,0.0,0.0,0.0,TOX240,O=C1CCCCCN1,<rdkit.Chem.rdchem.Mol object at 0x71c29517c270>
0.0,0.0,0.0,1.0,0.0,0.0,0.0,1.0,0.0,0.0,0.0,0.0,TOX241,COc1cc(CNC(=O)CCCC/C=C/C(C)C)ccc1O,<rdkit.Chem.rdchem.Mol object at 0x71c29517c200>
0.0,0.0,0.0,0.0,0.0,0.0,0.0,0.0,0.0,0.0,0.0,0.0,TOX13241,CC(=O)CCc1ccccc1,<rdkit.Chem.rdchem.Mol object at 0x71c29517b680>
0.0,0.0,0.0,0.0,0.0,0.0,0.0,0.0,0.0,0.0,0.0,0.0,TOX3927,Brc1ccc(Oc2ccccc2)cc1,<rdkit.Chem.rdchem.Mol object at 0x71c29517b290>
0.0,0.0,0.0,0.0,0.0,0.0,0.0,,0.0,,0.0,0.0,TOX27787,CN[C@]1(c2ccccc2Cl)CCCCC1=O,<rdkit.Chem.rdchem.Mol object at 0x71c2951797e0>
0.0,0.0,0.0,0.0,1.0,1.0,0.0,0.0,0.0,0.0,,0.0,TOX2409,O=S(=O)(c1ccc(O)cc1)c1ccc(O)cc1,<rdkit.Chem.rdchem.Mol object at 0x71c2951774c0>
0.0,0.0,0.0,0.0,1.0,1.0,0.0,,0.0,0.0,1.0,0.0,TOX27938,Oc1ccc(Cc2ccccc2)cc1,<rdkit.Chem.rdchem.Mol object at 0x71c295175ee0>
0.0,0.0,0.0,0.0,0.0,0.0,0.0,,0.0,0.0,0.0,0.0,TOX914,NC(=O)Cc1cccc2ccccc12,<rdkit.Chem.rdchem.Mol object at 0x71c295173840>
0.0,0.0,1.0,0.0,,0.0,0.0,1.0,0.0,0.0,1.0,0.0,TOX916,Nc1cccc2c(N)cccc12,<rdkit.Chem.rdchem.Mol object at 0x71c295173760>
0.0,0.0,,0.0,0.0,0.0,0.0,0.0,0.0,0.0,0.0,0.0,TOX28177,CC(C)C(=O)c1ccccc1,<rdkit.Chem.rdchem.Mol object at 0x71c295170190>
0.0,0.0,0.0,0.0,1.0,1.0,0.0,0.0,0.0,0.0,1.0,0.0,TOX27191,C=CC(C)(CCC=C(C)C)OC(=O)c1ccccc1,<rdkit.Chem.rdchem.Mol object at 0x71c29516ea40>
0.0,0.0,0.0,,,0.0,,,,0.0,,,TOX3656,CSc1ccc2c(c1)N(CCC1CCCCN1C)c1ccccc1S2,<rdkit.Chem.rdchem.Mol object at 0x71c29516ca50>
0.0,0.0,0.0,0.0,0.0,0.0,0.0,0.0,0.0,0.0,0.0,0.0,TOX932,O=C(O)c1cccnc1,<rdkit.Chem.rdchem.Mol object at 0x71c29516bb50>
0.0,0.0,0.0,0.0,0.0,,0.0,1.0,0.0,0.0,1.0,0.0,TOX2446,Oc1ccccc1Cc1ccccc1O,<rdkit.Chem.rdchem.Mol object at 0x71c2951685f0>
0.0,0.0,,0.0,0.0,0.0,0.0,0.0,0.0,0.0,0.0,0.0,TOX3453,O=C1c2ccccc2C(=O)C1c1ccccc1,<rdkit.Chem.rdchem.Mol object at 0x71c295164ba0>
0.0,0.0,0.0,0.0,0.0,0.0,0.0,0.0,0.0,0.0,0.0,0.0,TOX3261,CCCC(C)(COC(N)=O)COC(N)=O,<rdkit.Chem.rdchem.Mol object at 0x71c295160270>
0.0,0.0,0.0,,0.0,0.0,0.0,,0.0,0.0,1.0,0.0,TOX27700,CCCc1ccccc1O,<rdkit.Chem.rdchem.Mol object at 0x71c29515b1b0>
0.0,0.0,1.0,0.0,0.0,0.0,0.0,0.0,0.0,0.0,1.0,0.0,TOX1170,CN1C(C(=O)Nc2ccccn2)=C(O)c2ccccc2S1(=O)=O,<rdkit.Chem.rdchem.Mol object at 0x71c295157ed0>
0.0,0.0,0.0,0.0,0.0,0.0,,0.0,0.0,0.0,,0.0,TOX2540,COc1ccc2c(c1)c(CC(=O)OCC(=O)O)c(C)n2C(=O)c1ccc(Cl)cc1,<rdkit.Chem.rdchem.Mol object at 0x71c295154270>
0.0,0.0,0.0,0.0,,0.0,0.0,0.0,0.0,0.0,,0.0,TOX22299,CC(C)c1ccc(O)cc1,<rdkit.Chem.rdchem.Mol object at 0x71c295152340>
0.0,0.0,0.0,0.0,0.0,0.0,0.0,0.0,0.0,0.0,0.0,0.0,TOX28797,CCN[C@@H](C)Cc1cccc(C(F)(F)F)c1,<rdkit.Chem.rdchem.Mol object at 0x71c29514fbc0>
0.0,0.0,0.0,0.0,0.0,0.0,0.0,0.0,0.0,1.0,0.0,0.0,TOX28821,CCN(CC)CCc1c[nH]c2ccccc12.CCN(CC)CCc1c[nH]c2ccccc12,<rdkit.Chem.rdchem.Mol object at 0x71c29514eb90>
0.0,0.0,1.0,,1.0,0.0,0.0,1.0,1.0,0.0,1.0,0.0,TOX18,CC(=O)Nc1ccc2c(c1)Cc1ccccc1-2,<rdkit.Chem.rdchem.Mol object at 0x71c29514e5e0>
0.0,,1.0,,,0.0,0.0,1.0,0.0,0.0,1.0,1.0,TOX28654,Cc1cc2nc3ccc(N(C)C)cc3[s+]c2cc1N,<rdkit.Chem.rdchem.Mol object at 0x71c29514d150>
0.0,0.0,0.0,,,0.0,0.0,0.0,1.0,0.0,0.0,0.0,TOX406,CN1C(=O)CN=C(c2ccccc2)c2cc(Cl)ccc21,<rdkit.Chem.rdchem.Mol object at 0x71c295143530>
0.0,0.0,0.0,0.0,,0.0,0.0,,0.0,0.0,,0.0,TOX22259,O=S(=O)(c1ccccc1)c1ccc(Cl)cc1,<rdkit.Chem.rdchem.Mol object at 0x71c295141a80>
0.0,0.0,0.0,,0.0,0.0,0.0,,0.0,,0.0,0.0,TOX4030,Cl/C=C\Cl,<rdkit.Chem.rdchem.Mol object at 0x71c29513c820>
1.0,0.0,0.0,,1.0,0.0,0.0,0.0,,0.0,0.0,0.0,TOX26756,CC1(C)O[C@@H]2C[C@H]3[C@@H]4CCC5=CC(=O)C=C[C@]5(C)[C@H]4[C@@H](O)C[C@]3(C)[C@]2(C(=O)CO)O1,<rdkit.Chem.rdchem.Mol object at 0x71c29513c0b0>
,0.0,0.0,,0.0,0.0,,0.0,0.0,0.0,0.0,0.0,TOX28962,CN(C)CC[C@@H](c1ccc(Cl)cc1)c1ccccn1,<rdkit.Chem.rdchem.Mol object at 0x71c295138cf0>
0.0,0.0,0.0,0.0,0.0,0.0,0.0,,0.0,0.0,0.0,0.0,TOX878,Cc1ccc2ccccc2c1,<rdkit.Chem.rdchem.Mol object at 0x71c295136ce0>
0.0,0.0,0.0,0.0,1.0,0.0,0.0,0.0,0.0,0.0,0.0,0.0,TOX1358,Cc1ccc(S(=O)(=O)NC(=O)NN2CCCCCC2)cc1,<rdkit.Chem.rdchem.Mol object at 0x71c29512c580>
0.0,0.0,0.0,0.0,1.0,0.0,0.0,1.0,0.0,0.0,0.0,0.0,TOX25868,Cc1ccc(C(=O)C(C)CN2CCCCC2)cc1,<rdkit.Chem.rdchem.Mol object at 0x71c2951297e0>
0.0,0.0,1.0,,,0.0,0.0,0.0,0.0,0.0,0.0,0.0,TOX14877,Cc1cc(C)nc(Nc2ccccc2)n1,<rdkit.Chem.rdchem.Mol object at 0x71c295127760>
0.0,0.0,0.0,0.0,0.0,0.0,0.0,0.0,0.0,0.0,0.0,0.0,TOX6240,CCC(=O)/C=C/C1C(C)=CCCC1(C)C,<rdkit.Chem.rdchem.Mol object at 0x71c295125cb0>
0.0,,0.0,0.0,1.0,0.0,1.0,,0.0,,0.0,0.0,TOX28584,Nc1c(CC(=O)[O-])cccc1C(=O)c1ccccc1,<rdkit.Chem.rdchem.Mol object at 0x71c295124ba0>
0.0,0.0,0.0,0.0,0.0,0.0,0.0,0.0,0.0,0.0,0.0,0.0,TOX4091,CCCN(CCC)C(=O)SCC,<rdkit.Chem.rdchem.Mol object at 0x71c295124900>
0.0,0.0,0.0,0.0,1.0,,0.0,,0.0,,0.0,0.0,TOX2946,CCCCC[C@H](O)/C=C/[C@H]1[C@H](O)C[C@H](O)[C@@H]1C/C=C\CCCC(=O)O,<rdkit.Chem.rdchem.Mol object at 0x71c295121460>
0.0,0.0,0.0,0.0,0.0,0.0,0.0,,0.0,,0.0,0.0,TOX28635,CCCCC(=O)[O-],<rdkit.Chem.rdchem.Mol object at 0x71c29511c040>
0.0,0.0,0.0,0.0,0.0,0.0,0.0,0.0,0.0,0.0,0.0,0.0,TOX10138,CC(=O)CCC(C)=O,<rdkit.Chem.rdchem.Mol object at 0x71c29510e030>
,,,0.0,0.0,0.0,0.0,0.0,0.0,0.0,0.0,0.0,TOX1740,CCCCO,<rdkit.Chem.rdchem.Mol object at 0x71c295188f90>
0.0,0.0,0.0,0.0,0.0,0.0,0.0,0.0,0.0,0.0,0.0,0.0,TOX27582,CCCCCCOC(=O)CC,<rdkit.Chem.rdchem.Mol object at 0x71c295152810>
0.0,0.0,0.0,0.0,0.0,0.0,0.0,0.0,0.0,0.0,,0.0,TOX27943,CCn1cc[n+](C)c1.O=S(=O)([N-]S(=O)(=O)C(F)(F)F)C(F)(F)F,<rdkit.Chem.rdchem.Mol object at 0x71c2951b8c80>
,,,,,,,0.0,,0.0,,,TOX70,NCCCCCC(=O)O,<rdkit.Chem.rdchem.Mol object at 0x71c295136730>
0.0,0.0,0.0,,0.0,0.0,0.0,0.0,0.0,0.0,0.0,0.0,TOX27611,CCCC1CCC(=O)O1,<rdkit.Chem.rdchem.Mol object at 0x71c295137b50>
0.0,0.0,0.0,,0.0,0.0,0.0,,0.0,1.0,0.0,0.0,TOX7713,CCCCCCCC/C=C\CCCCCCCC(=O)OCCO,<rdkit.Chem.rdchem.Mol object at 0x71c2951c2b20>
0.0,0.0,0.0,0.0,0.0,0.0,0.0,,0.0,,0.0,0.0,TOX21567,CCCCCC[C@@H](O)C/C=C\CCCCCCCC(=O)O,<rdkit.Chem.rdchem.Mol object at 0x71c2951a2500>
0.0,0.0,0.0,0.0,1.0,0.0,0.0,0.0,0.0,0.0,0.0,0.0,TOX29343,CCCC[N+]1(C)CCCCC1.O=S(=O)([O-])C(F)(F)F,<rdkit.Chem.rdchem.Mol object at 0x71c2951de7a0>
1.0,0.0,0.0,,,0.0,0.0,0.0,0.0,0.0,0.0,0.0,TOX28639,CC(=O)OCC(=O)[C@@]1(O)[C@H](OC(C)=O)C[C@H]2[C@@H]3CCC4=CC(=O)C=C[C@]4(C)[C@@]3(F)[C@@H](O)C[C@@]21C,<rdkit.Chem.rdchem.Mol object at 0x71c295163d80>
0.0,0.0,0.0,0.0,0.0,0.0,0.0,0.0,0.0,0.0,1.0,0.0,TOX7137,CCCCCCCC/C=C\CCCCCCCC(N)=O,<rdkit.Chem.rdchem.Mol object at 0x71c29513f840>
0.0,0.0,0.0,0.0,0.0,0.0,0.0,0.0,0.0,0.0,0.0,0.0,TOX25300,CCCCN(CCCC)CCCOC(=O)c1ccc(N)cc1,<rdkit.Chem.rdchem.Mol object at 0x71c2951269d0>
1.0,1.0,0.0,0.0,1.0,0.0,0.0,0.0,0.0,0.0,0.0,0.0,TOX1185,C[C@]12CC(=O)[C@H]3[C@@H](CCC4=CC(=O)C=C[C@@]43C)[C@@H]1CC[C@]2(O)C(=O)CO,<rdkit.Chem.rdchem.Mol object at 0x71c2951f3840>
0.0,0.0,0.0,0.0,0.0,0.0,0.0,0.0,0.0,0.0,0.0,0.0,TOX25382,C=C1c2cccc(O)c2C(=O)C2=C(O)[C@]3(O)C(=O)C(C(N)=O)=C(O)[C@@H](N(C)C)[C@@H]3[C@@H](O)[C@H]12,<rdkit.Chem.rdchem.Mol object at 0x71c2951d10e0>
1.0,1.0,,,,0.0,0.0,0.0,0.0,0.0,1.0,0.0,TOX25646,CC(=O)OCC(=O)[C@@]1(OC(C)=O)[C@@H](C)C[C@H]2[C@@H]3C[C@H](F)C4=CC(=O)C=C[C@]4(C)[C@@]3(F)[C@@H](O)C[C@@]21C,<rdkit.Chem.rdchem.Mol object at 0x71c2951cc2e0>
1.0,1.0,0.0,,,0.0,0.0,0.0,0.0,0.0,0.0,0.0,TOX28529,CCCC(=O)O[C@]1(C(=O)COC(=O)CC)CC[C@H]2[C@@H]3CCC4=CC(=O)CC[C@]4(C)[C@H]3[C@@H](O)C[C@@]21C,<rdkit.Chem.rdchem.Mol object at 0x71c2951bd1c0>
0.0,0.0,0.0,0.0,,0.0,0.0,0.0,0.0,0.0,0.0,0.0,TOX12309,CCCCOCCOC(=O)COc1ccc(Cl)cc1Cl,<rdkit.Chem.rdchem.Mol object at 0x71c29519a030>
0.0,0.0,,0.0,1.0,0.0,0.0,0.0,0.0,0.0,,0.0,TOX5047,CCOCCOCCOCC,<rdkit.Chem.rdchem.Mol object at 0x71c2951917e0>
0.0,0.0,0.0,0.0,0.0,0.0,0.0,,0.0,,0.0,0.0,TOX17044,CC1(C)S[C@@H]2[C@H](NC(=O)[C@H](N)c3ccc(O)cc3)C(=O)N2[C@H]1C(=O)O,<rdkit.Chem.rdchem.Mol object at 0x71c295189620>
0.0,0.0,0.0,0.0,0.0,0.0,0.0,1.0,0.0,0.0,,0.0,TOX7236,Cc1cccc([N+](=O)[O-])c1[N+](=O)[O-],<rdkit.Chem.rdchem.Mol object at 0x71c29517b1b0>
0.0,0.0,0.0,0.0,,0.0,0.0,1.0,0.0,0.0,0.0,0.0,TOX28861,CCC(=O)N(c1ccccc1)C1CCN(C(C)Cc2cccs2)CC1,<rdkit.Chem.rdchem.Mol object at 0x71c29515ed50>
1.0,1.0,0.0,,1.0,1.0,0.0,,0.0,0.0,0.0,0.0,TOX3353,C[C@]12CC[C@@H]3[C@H]4CCC(=O)C=C4CC[C@H]3[C@@H]1CC[C@@H]2OC(=O)CCc1ccccc1,<rdkit.Chem.rdchem.Mol object at 0x71c295147a70>
0.0,,,,0.0,0.0,0.0,0.0,0.0,0.0,,0.0,TOX4035,O=C(O)CCCOc1ccc(Cl)cc1Cl,<rdkit.Chem.rdchem.Mol object at 0x71c29513c890>
0.0,0.0,0.0,0.0,1.0,0.0,0.0,0.0,0.0,0.0,0.0,0.0,TOX1290,Cc1cc(C)nc(NS(=O)(=O)c2ccc(N)cc2)n1,<rdkit.Chem.rdchem.Mol object at 0x71c295128ba0>
0.0,0.0,0.0,0.0,0.0,0.0,0.0,,0.0,0.0,,0.0,TOX26176,O=C(CCN1CCN(CCO)CC1)N1c2ccccc2Sc2ccc(C(F)(F)F)cc21,<rdkit.Chem.rdchem.Mol object at 0x71c2951eef80>
0.0,0.0,0.0,0.0,,0.0,0.0,0.0,0.0,0.0,0.0,0.0,TOX24951,C=C(C)C(=O)OCCOP(=O)(O)O,<rdkit.Chem.rdchem.Mol object at 0x71c2951ecb30>
0.0,0.0,0.0,0.0,0.0,0.0,0.0,0.0,0.0,0.0,0.0,0.0,TOX7402,COC(=O)c1cccc(C(=O)OC)c1,<rdkit.Chem.rdchem.Mol object at 0x71c2951df1b0>
0.0,0.0,1.0,0.0,0.0,0.0,0.0,0.0,0.0,0.0,0.0,0.0,TOX24267,CCOC(=O)[C@H](CCc1ccccc1)N[C@@H](C)C(=O)N1Cc2cc(OC)c(OC)cc2C[C@H]1C(=O)O,<rdkit.Chem.rdchem.Mol object at 0x71c2951dd3f0>
0.0,0.0,0.0,0.0,,0.0,,,0.0,,0.0,0.0,TOX28857,CCC(=O)N(c1ccccc1)[C@H]1CCN(CCc2ccccc2)C[C@@H]1C,<rdkit.Chem.rdchem.Mol object at 0x71c2951d3f40>
,,,,,,,0.0,,0.0,,,TOX31478,CCC(=O)Oc1ccc2c(c1)CC[C@@H]1[C@@H]2CC[C@@]2(C)[C@H]1C[C@@H](OC(=O)CC)[C@@H]2OC(=O)CC,<rdkit.Chem.rdchem.Mol object at 0x71c2951ceea0>
0.0,0.0,0.0,0.0,0.0,0.0,0.0,0.0,0.0,0.0,0.0,0.0,TOX27599,CCCCCCOC(=O)C(C)CC,<rdkit.Chem.rdchem.Mol object at 0x71c2951c00b0>
1.0,1.0,0.0,0.0,1.0,1.0,0.0,1.0,0.0,,1.0,0.0,TOX1478,C#C[C@@]1(O)CC[C@H]2[C@@H]3CCC4=CCCC[C@@H]4[C@H]3CC[C@@]21C,<rdkit.Chem.rdchem.Mol object at 0x71c2951ac900>
0.0,0.0,0.0,,0.0,0.0,,,0.0,,,,TOX25110,CCc1ccc2c(c1)N(CC(C)CN(C)C)c1ccccc1S2,<rdkit.Chem.rdchem.Mol object at 0x71c2951a5310>
0.0,,0.0,,1.0,,0.0,,0.0,,1.0,0.0,TOX16684,O=C(c1ccccc1)c1ccc(O)cc1,<rdkit.Chem.rdchem.Mol object at 0x71c295198970>
0.0,0.0,0.0,0.0,0.0,0.0,0.0,0.0,0.0,0.0,0.0,0.0,TOX27648,CC(=O)OCCCc1ccccc1,<rdkit.Chem.rdchem.Mol object at 0x71c2951934c0>
0.0,0.0,0.0,0.0,0.0,0.0,0.0,0.0,0.0,0.0,0.0,0.0,TOX1196,CC(C)Nc1nc(Cl)nc(NC(C)C)n1,<rdkit.Chem.rdchem.Mol object at 0x71c29517e500>
0.0,0.0,0.0,0.0,1.0,1.0,0.0,1.0,0.0,0.0,0.0,0.0,TOX16541,CC(=O)[C@H]1CC[C@H]2[C@@H]3CC=C4C[C@@H](O)CC[C@]4(C)[C@H]3CC[C@]12C,<rdkit.Chem.rdchem.Mol object at 0x71c295177920>
0.0,0.0,0.0,1.0,0.0,0.0,0.0,1.0,0.0,0.0,1.0,0.0,TOX2404,O=C(c1ccccc1O)c1ccccc1O,<rdkit.Chem.rdchem.Mol object at 0x71c295177610>
0.0,0.0,0.0,,1.0,1.0,,1.0,1.0,0.0,1.0,1.0,TOX9120,Oc1ccc(-c2ccc(O)cc2)cc1,<rdkit.Chem.rdchem.Mol object at 0x71c2951766c0>
1.0,0.0,0.0,0.0,0.0,0.0,0.0,0.0,0.0,0.0,,0.0,TOX26599,CN1CCN(c2cc3c(cc2F)c(=O)c(C(=O)O)cn3-c2ccc(F)cc2)CC1,<rdkit.Chem.rdchem.Mol object at 0x71c295175a10>
0.0,0.0,0.0,0.0,0.0,0.0,0.0,0.0,0.0,0.0,0.0,0.0,TOX2137,CC/C=C\CCO,<rdkit.Chem.rdchem.Mol object at 0x71c29515f760>
0.0,0.0,0.0,0.0,0.0,0.0,0.0,0.0,0.0,0.0,0.0,0.0,TOX9145,COC(=O)CC(=O)OC,<rdkit.Chem.rdchem.Mol object at 0x71c29515e030>
0.0,0.0,0.0,0.0,0.0,0.0,0.0,,0.0,,0.0,0.0,TOX26059,COc1ccc(/C=C/C(=O)O)cc1,<rdkit.Chem.rdchem.Mol object at 0x71c29514a730>
0.0,0.0,,,0.0,0.0,,0.0,0.0,0.0,0.0,0.0,TOX23938,O=C(O)c1ccccc1C(=O)OCc1ccccc1,<rdkit.Chem.rdchem.Mol object at 0x71c295148190>
0.0,0.0,0.0,0.0,0.0,0.0,0.0,0.0,0.0,0.0,0.0,0.0,TOX4997,O=[N+]([O-])c1cccc(Cl)c1Cl,<rdkit.Chem.rdchem.Mol object at 0x71c295133530>
0.0,0.0,0.0,0.0,0.0,0.0,0.0,0.0,0.0,0.0,0.0,0.0,TOX7504,C=C(C)C(=O)OCCN(C)C,<rdkit.Chem.rdchem.Mol object at 0x71c29512f920>
0.0,0.0,0.0,0.0,0.0,0.0,0.0,,0.0,0.0,,0.0,TOX27868,CC(C)(c1ccccc1)c1ccccc1,<rdkit.Chem.rdchem.Mol object at 0x71c29512b0d0>
0.0,,1.0,,1.0,0.0,0.0,0.0,1.0,1.0,1.0,1.0,TOX2563,CCCSc1ccc2[nH]c(NC(=O)OC)nc2c1,<rdkit.Chem.rdchem.Mol object at 0x71c295126730>
0.0,0.0,,,0.0,0.0,0.0,,0.0,1.0,0.0,1.0,TOX24429,O=C(Cl)c1cc(C(=O)Cl)cc(C(=O)Cl)c1,<rdkit.Chem.rdchem.Mol object at 0x71c295122c70>
0.0,0.0,0.0,0.0,1.0,0.0,0.0,0.0,0.0,0.0,0.0,0.0,TOX29089,CCn1cc[n+](C)c1C.O=S(=O)([O-])C(F)(F)F,<rdkit.Chem.rdchem.Mol object at 0x71c29511ff40>
0.0,0.0,1.0,0.0,,0.0,0.0,1.0,0.0,0.0,1.0,,TOX957,Nc1ccc(N)c([N+](=O)[O-])c1,<rdkit.Chem.rdchem.Mol object at 0x71c29510e650>
0.0,,0.0,,1.0,,,1.0,0.0,1.0,0.0,1.0,TOX25232,O=C(O)Cc1cc(I)c(Oc2ccc(O)c(I)c2)c(I)c1,<rdkit.Chem.rdchem.Mol object at 0x71c29510cd60>
,,,,,,,0.0,,0.0,,,TOX2725,CCOc1nc2cccc(C(=O)O)c2n1Cc1ccc(-c2ccccc2-c2nnn[nH]2)cc1,<rdkit.Chem.rdchem.Mol object at 0x71c2951f95b0>
0.0,0.0,0.0,1.0,,0.0,0.0,,0.0,,1.0,0.0,TOX561,ClC1=C(Cl)[C@]2(Cl)[C@H]3[C@H]([C@@H]4C[C@H]3[C@H]3O[C@@H]43)[C@@]1(Cl)C2(Cl)Cl,<rdkit.Chem.rdchem.Mol object at 0x71c2951f8f90>
0.0,0.0,0.0,,,0.0,0.0,1.0,0.0,,1.0,,TOX560,O=S1OCC2C(CO1)C1(Cl)C(Cl)=C(Cl)C2(Cl)C1(Cl)Cl,<rdkit.Chem.rdchem.Mol object at 0x71c2951f8f20>
1.0,1.0,0.0,0.0,1.0,1.0,0.0,,0.0,,0.0,0.0,TOX563,C#C[C@]1(O)CC[C@H]2[C@@H]3CCC4=C(CCC(=O)C4)[C@H]3CC[C@@]21C,<rdkit.Chem.rdchem.Mol object at 0x71c2951f8eb0>
0.0,0.0,0.0,0.0,0.0,0.0,0.0,0.0,0.0,0.0,0.0,0.0,TOX3393,Cc1nccn1CC1CCc2c(c3ccccc3n2C)C1=O,<rdkit.Chem.rdchem.Mol object at 0x71c2951f8dd0>
0.0,0.0,0.0,0.0,0.0,0.0,0.0,0.0,0.0,0.0,0.0,0.0,TOX24580,C=CCOCC(CO)(COCC=C)COCC=C,<rdkit.Chem.rdchem.Mol object at 0x71c2951f8200>
0.0,0.0,0.0,0.0,,0.0,0.0,0.0,0.0,0.0,0.0,0.0,TOX3971,Clc1ccc2ccccc2c1,<rdkit.Chem.rdchem.Mol object at 0x71c2951f7d80>
0.0,0.0,0.0,0.0,0.0,0.0,0.0,0.0,0.0,0.0,0.0,0.0,TOX7262,c1ccncc1,<rdkit.Chem.rdchem.Mol object at 0x71c2951f7a70>
0.0,0.0,0.0,0.0,0.0,0.0,0.0,0.0,0.0,0.0,0.0,0.0,TOX4726,NC(N)=O.OO,<rdkit.Chem.rdchem.Mol object at 0x71c2951f7920>
0.0,0.0,0.0,0.0,0.0,0.0,0.0,0.0,0.0,0.0,0.0,0.0,TOX4721,CC1(C)[C@@H]2CC[C@@]1(C)C(=O)C2,<rdkit.Chem.rdchem.Mol object at 0x71c2951f78b0>
0.0,0.0,,,,,0.0,,0.0,0.0,,0.0,TOX20265,CCN(CC)c1c([N+](=O)[O-])cc(C(F)(F)F)c(N)c1[N+](=O)[O-],<rdkit.Chem.rdchem.Mol object at 0x71c2951f7610>
0.0,,0.0,,,1.0,,1.0,,1.0,1.0,1.0,TOX20268,CCC(C)c1cc([N+](=O)[O-])cc([N+](=O)[O-])c1OC(=O)OC(C)C,<rdkit.Chem.rdchem.Mol object at 0x71c2951f75a0>
,,,,,,,0.0,,0.0,,,TOX31497,O=C(CCCl)NCCc1ccccc1,<rdkit.Chem.rdchem.Mol object at 0x71c2951f69d0>
0.0,0.0,0.0,0.0,0.0,0.0,,1.0,0.0,1.0,0.0,0.0,TOX27202,C=C/C(C)=C/C/C=C(\C)CCC=C(C)C,<rdkit.Chem.rdchem.Mol object at 0x71c2951f66c0>
0.0,0.0,,0.0,0.0,0.0,0.0,0.0,0.0,0.0,0.0,0.0,TOX26150,Cc1cccc(C)c1NC(=O)CN1CCCC1,<rdkit.Chem.rdchem.Mol object at 0x71c2951f6420>
0.0,0.0,0.0,0.0,0.0,0.0,0.0,0.0,0.0,0.0,0.0,0.0,TOX21518,COc1ccc(CCO)cc1,<rdkit.Chem.rdchem.Mol object at 0x71c2951f60a0>
0.0,0.0,0.0,0.0,0.0,0.0,0.0,,0.0,0.0,0.0,0.0,TOX4912,C1CCC2CCCCC2C1,<rdkit.Chem.rdchem.Mol object at 0x71c2951f5930>
1.0,0.0,0.0,0.0,0.0,0.0,0.0,,0.0,,0.0,0.0,TOX3589,CC(C)NCC(O)c1ccc(NS(C)(=O)=O)cc1,<rdkit.Chem.rdchem.Mol object at 0x71c2951f5690>
0.0,,0.0,1.0,,0.0,,,,,1.0,,TOX3582,CO[C@H]1C[C@@H]2CC[C@@H](C)[C@@](O)(O2)C(=O)C(=O)N2CCCC[C@H]2C(=O)O[C@H]([C@H](C)C[C@@H]2CC[C@@H](O)[C@H](OC)C2)CC(=O)[C@H](C)C=C(C)[C@@H](O)[C@@H](OC)C(=O)[C@H](C)C[C@H](C)C=CC=CC=C1C,<rdkit.Chem.rdchem.Mol object at 0x71c2951f53f0>
0.0,0.0,,0.0,0.0,0.0,0.0,0.0,0.0,0.0,0.0,0.0,TOX25779,NCCS,<rdkit.Chem.rdchem.Mol object at 0x71c2951f4ac0>
,,,,,,,0.0,,0.0,,,TOX25777,NC(=O)c1ncn([C@@H]2O[C@H](CO)[C@@H](O)[C@H]2O)c1O,<rdkit.Chem.rdchem.Mol object at 0x71c2951f49e0>
